Project Name,Package Name,Type Name,Design Smell,Cause of the Smell
.,(default package),ChatClient,Unutilized Abstraction,The tool detected the smell in this class because this class is potentially unused. (Please ignore the smell if the reported class is auto-generated and/or used to serve a specific known purpose.)
.,(default package),ChatServerAttachmentExample,Unutilized Abstraction,The tool detected the smell in this class because this class is potentially unused. (Please ignore the smell if the reported class is auto-generated and/or used to serve a specific known purpose.)
.,(default package),CustomHeaderClientExample,Unutilized Abstraction,The tool detected the smell in this class because this class is potentially unused. (Please ignore the smell if the reported class is auto-generated and/or used to serve a specific known purpose.)
.,(default package),FragmentedFramesExample,Unutilized Abstraction,The tool detected the smell in this class because this class is potentially unused. (Please ignore the smell if the reported class is auto-generated and/or used to serve a specific known purpose.)
.,(default package),PerMessageDeflateExample,Unnecessary Abstraction,The tool detected the smell in this class because the class contains only a few data members without any method implementation, that indicates that the abstraction might not be required. Following fields are declared in this class: perMessageDeflateDraft; PORT
.,(default package),PerMessageDeflateExample,Unutilized Abstraction,The tool detected the smell in this class because this class is potentially unused. (Please ignore the smell if the reported class is auto-generated and/or used to serve a specific known purpose.)
.,(default package),PerMessageDeflateExample.DeflateClient,Unnecessary Abstraction,The tool detected the smell in this class because the class contains only a few data members without any method implementation, that indicates that the abstraction might not be required. Following fields are declared in this class: 
.,(default package),PerMessageDeflateExample.DeflateClient,Unutilized Abstraction,The tool detected the smell in this class because this class is potentially unused. (Please ignore the smell if the reported class is auto-generated and/or used to serve a specific known purpose.)
.,(default package),PerMessageDeflateExample.DeflateServer,Unnecessary Abstraction,The tool detected the smell in this class because the class contains only a few data members without any method implementation, that indicates that the abstraction might not be required. Following fields are declared in this class: 
.,(default package),PerMessageDeflateExample.DeflateServer,Unutilized Abstraction,The tool detected the smell in this class because this class is potentially unused. (Please ignore the smell if the reported class is auto-generated and/or used to serve a specific known purpose.)
.,(default package),ProxyClientExample,Unutilized Abstraction,The tool detected the smell in this class because this class is potentially unused. (Please ignore the smell if the reported class is auto-generated and/or used to serve a specific known purpose.)
.,(default package),ReconnectClientExample,Unutilized Abstraction,The tool detected the smell in this class because this class is potentially unused. (Please ignore the smell if the reported class is auto-generated and/or used to serve a specific known purpose.)
.,(default package),SecWebSocketProtocolClientExample,Unutilized Abstraction,The tool detected the smell in this class because this class is potentially unused. (Please ignore the smell if the reported class is auto-generated and/or used to serve a specific known purpose.)
.,(default package),SecWebSocketProtocolServerExample,Unutilized Abstraction,The tool detected the smell in this class because this class is potentially unused. (Please ignore the smell if the reported class is auto-generated and/or used to serve a specific known purpose.)
.,(default package),ServerAdditionalHeaderExample,Unutilized Abstraction,The tool detected the smell in this class because this class is potentially unused. (Please ignore the smell if the reported class is auto-generated and/or used to serve a specific known purpose.)
.,(default package),ServerRejectHandshakeExample,Unutilized Abstraction,The tool detected the smell in this class because this class is potentially unused. (Please ignore the smell if the reported class is auto-generated and/or used to serve a specific known purpose.)
.,(default package),ServerStressTest,Unutilized Abstraction,The tool detected the smell in this class because this class is potentially unused. (Please ignore the smell if the reported class is auto-generated and/or used to serve a specific known purpose.)
.,(default package),WebSocketChatClient,Unutilized Abstraction,The tool detected the smell in this class because this class is potentially unused. (Please ignore the smell if the reported class is auto-generated and/or used to serve a specific known purpose.)
.,(default package),WebSocketChatClient.SSLClientExample,Unnecessary Abstraction,The tool detected the smell in this class because the class contains only a few data members without any method implementation, that indicates that the abstraction might not be required. Following fields are declared in this class: 
.,(default package),WebSocketChatClient.SSLClientExample,Unutilized Abstraction,The tool detected the smell in this class because this class is potentially unused. (Please ignore the smell if the reported class is auto-generated and/or used to serve a specific known purpose.)
.,(default package),SSLServerCustomWebsocketFactoryExample,Unutilized Abstraction,The tool detected the smell in this class because this class is potentially unused. (Please ignore the smell if the reported class is auto-generated and/or used to serve a specific known purpose.)
.,(default package),SSLServerExample,Unutilized Abstraction,The tool detected the smell in this class because this class is potentially unused. (Please ignore the smell if the reported class is auto-generated and/or used to serve a specific known purpose.)
.,(default package),SSLServerLetsEncryptExample,Unutilized Abstraction,The tool detected the smell in this class because this class is potentially unused. (Please ignore the smell if the reported class is auto-generated and/or used to serve a specific known purpose.)
.,(default package),TwoWaySSLServerExample,Unutilized Abstraction,The tool detected the smell in this class because this class is potentially unused. (Please ignore the smell if the reported class is auto-generated and/or used to serve a specific known purpose.)
.,org.java_websocket,AbstractWebSocket,Unutilized Abstraction,The tool detected the smell in this class because this class is potentially unused. (Please ignore the smell if the reported class is auto-generated and/or used to serve a specific known purpose.)
.,org.java_websocket,AbstractWebSocket,Broken Hierarchy,The tool detected a potential instance of the smell because this type does not implement or override any method from it's supertype(s): WebSocketAdapter
.,org.java_websocket,AbstractWrappedByteChannel,Unutilized Abstraction,The tool detected the smell in this class because this class is potentially unused. (Please ignore the smell if the reported class is auto-generated and/or used to serve a specific known purpose.)
.,org.java_websocket,SSLSocketChannel,Unutilized Abstraction,The tool detected the smell in this class because this class is potentially unused. (Please ignore the smell if the reported class is auto-generated and/or used to serve a specific known purpose.)
.,org.java_websocket,SSLSocketChannel2,Unutilized Abstraction,The tool detected the smell in this class because this class is potentially unused. (Please ignore the smell if the reported class is auto-generated and/or used to serve a specific known purpose.)
.,org.java_websocket,WebSocketImpl,Deficient Encapsulation,The tool detected the smell in this class because the class exposes fields belonging to it with public accessibility. Following fields are declared with public accessiblity: DEFAULT_PORT; DEFAULT_WSS_PORT; RCVBUF; log; outQueue; inQueue; wsl; key; channel; workerThread; flushandclosestate; readyState; knownDrafts; draft; role; tmpHandshakeBytes; handshakerequest; closemessage; closecode; closedremotely; resourceDescriptor; lastPong; synchronizeWriteObject; attachment
.,org.java_websocket,WebSocketImpl,Cyclically-dependent Modularization,The tool detected the smell in this class because this class participates in a cyclic dependency. The participating classes in the cycle are: Draft; WebSocketImpl; WebSocketListener
.,org.java_websocket,WebSocketImpl,Insufficient Modularization,The tool detected the smell in this class becuase the class has bloated interface (large number of public methods). Total public methods in the class: 45 public methods
.,org.java_websocket,WebSocketServerFactory,Rebellious Hierarchy,The tool detected the smell in this class because method(s) of this class reject the methods provided by its supertypes. The method(s) that reject the suptertype's method are: createWebSocket
.,org.java_websocket,AllTests,Unnecessary Abstraction,The tool detected the smell in this class because the class contains only a few data members without any method implementation, that indicates that the abstraction might not be required. Following fields are declared in this class: 
.,org.java_websocket,AllTests,Unutilized Abstraction,The tool detected the smell in this class because this class is potentially unused. (Please ignore the smell if the reported class is auto-generated and/or used to serve a specific known purpose.)
.,org.java_websocket.client,WebSocketClient,Insufficient Modularization,The tool detected the smell in this class becuase the class has bloated interface (large number of public methods). Total public methods in the class: 66 public methods
.,org.java_websocket.client,WebSocketClient.WebsocketWriteThread,Unnecessary Abstraction,The tool detected the smell in this class because the class contains only a few data members without any method implementation, that indicates that the abstraction might not be required. Following fields are declared in this class: webSocketClient
.,org.java_websocket.client,WebSocketClient.WebsocketWriteThread,Unutilized Abstraction,The tool detected the smell in this class because this class is potentially unused. (Please ignore the smell if the reported class is auto-generated and/or used to serve a specific known purpose.)
.,org.java_websocket.client,AllClientTests,Unnecessary Abstraction,The tool detected the smell in this class because the class contains only a few data members without any method implementation, that indicates that the abstraction might not be required. Following fields are declared in this class: 
.,org.java_websocket.client,AllClientTests,Unutilized Abstraction,The tool detected the smell in this class because this class is potentially unused. (Please ignore the smell if the reported class is auto-generated and/or used to serve a specific known purpose.)
.,org.java_websocket.drafts,Draft,Cyclically-dependent Modularization,The tool detected the smell in this class because this class participates in a cyclic dependency. The participating classes in the cycle are: Draft; WebSocketImpl; WebSocketListener
.,org.java_websocket.drafts,Draft,Insufficient Modularization,The tool detected the smell in this class becuase the class has bloated interface (large number of public methods). Total public methods in the class: 25 public methods
.,org.java_websocket.drafts,Draft_6455,Insufficient Modularization,The tool detected the smell in this class becuase the class has bloated interface (large number of public methods). Total public methods in the class: 26 public methods
.,org.java_websocket.drafts,Draft_6455.TranslatedPayloadMetaData,Unnecessary Abstraction,The tool detected the smell in this class because the class contains only a few data members without any method implementation, that indicates that the abstraction might not be required. Following fields are declared in this class: payloadLength; realPackageSize
.,org.java_websocket.drafts,Draft_6455.TranslatedPayloadMetaData,Unutilized Abstraction,The tool detected the smell in this class because this class is potentially unused. (Please ignore the smell if the reported class is auto-generated and/or used to serve a specific known purpose.)
.,org.java_websocket.drafts,AllDraftTests,Unnecessary Abstraction,The tool detected the smell in this class because the class contains only a few data members without any method implementation, that indicates that the abstraction might not be required. Following fields are declared in this class: 
.,org.java_websocket.drafts,AllDraftTests,Unutilized Abstraction,The tool detected the smell in this class because this class is potentially unused. (Please ignore the smell if the reported class is auto-generated and/or used to serve a specific known purpose.)
.,org.java_websocket.drafts,Draft_6455Test.TestExtension,Unnecessary Abstraction,The tool detected the smell in this class because the class contains only a few data members without any method implementation, that indicates that the abstraction might not be required. Following fields are declared in this class: 
.,org.java_websocket.drafts,Draft_6455Test.TestExtension,Unutilized Abstraction,The tool detected the smell in this class because this class is potentially unused. (Please ignore the smell if the reported class is auto-generated and/or used to serve a specific known purpose.)
.,org.java_websocket.enums,CloseHandshakeType,Unnecessary Abstraction,The tool detected the smell in this class because the class contains only a few data members without any method implementation, that indicates that the abstraction might not be required. Following fields are declared in this class: 
.,org.java_websocket.enums,HandshakeState,Unnecessary Abstraction,The tool detected the smell in this class because the class contains only a few data members without any method implementation, that indicates that the abstraction might not be required. Following fields are declared in this class: 
.,org.java_websocket.enums,Opcode,Unnecessary Abstraction,The tool detected the smell in this class because the class contains only a few data members without any method implementation, that indicates that the abstraction might not be required. Following fields are declared in this class: 
.,org.java_websocket.enums,ReadyState,Unnecessary Abstraction,The tool detected the smell in this class because the class contains only a few data members without any method implementation, that indicates that the abstraction might not be required. Following fields are declared in this class: 
.,org.java_websocket.enums,Role,Unnecessary Abstraction,The tool detected the smell in this class because the class contains only a few data members without any method implementation, that indicates that the abstraction might not be required. Following fields are declared in this class: 
.,org.java_websocket.exceptions,InvalidFrameException,Broken Hierarchy,The tool detected a potential instance of the smell because this type does not implement or override any method from it's supertype(s): InvalidDataException
.,org.java_websocket.exceptions,InvalidHandshakeException,Broken Hierarchy,The tool detected a potential instance of the smell because this type does not implement or override any method from it's supertype(s): InvalidDataException
.,org.java_websocket.exceptions,LimitExceededException,Broken Hierarchy,The tool detected a potential instance of the smell because this type does not implement or override any method from it's supertype(s): InvalidDataException
.,org.java_websocket.exceptions,WebsocketNotConnectedException,Unnecessary Abstraction,The tool detected the smell in this class because the class contains only a few data members without any method implementation, that indicates that the abstraction might not be required. Following fields are declared in this class: serialVersionUID
.,org.java_websocket.exceptions,WrappedIOException,Unutilized Abstraction,The tool detected the smell in this class because this class is potentially unused. (Please ignore the smell if the reported class is auto-generated and/or used to serve a specific known purpose.)
.,org.java_websocket.exceptions,AllExceptionsTests,Unnecessary Abstraction,The tool detected the smell in this class because the class contains only a few data members without any method implementation, that indicates that the abstraction might not be required. Following fields are declared in this class: 
.,org.java_websocket.exceptions,AllExceptionsTests,Unutilized Abstraction,The tool detected the smell in this class because this class is potentially unused. (Please ignore the smell if the reported class is auto-generated and/or used to serve a specific known purpose.)
.,org.java_websocket.extensions,ExtensionRequestData,Deficient Encapsulation,The tool detected the smell in this class because the class exposes fields belonging to it with public accessibility. Following fields are declared with public accessiblity: EMPTY_VALUE; extensionParameters; extensionName
.,org.java_websocket.extensions,AllExtensionTests,Unnecessary Abstraction,The tool detected the smell in this class because the class contains only a few data members without any method implementation, that indicates that the abstraction might not be required. Following fields are declared in this class: 
.,org.java_websocket.extensions,AllExtensionTests,Unutilized Abstraction,The tool detected the smell in this class because this class is potentially unused. (Please ignore the smell if the reported class is auto-generated and/or used to serve a specific known purpose.)
.,org.java_websocket.extensions,CompressionExtensionTest,Imperative Abstraction,The tool detected the smell in this class because it looks like that an operation is turned into a class. This class contains only the following public method: testIsFrameValid
.,org.java_websocket.extensions,CompressionExtensionTest.CustomCompressionExtension,Unnecessary Abstraction,The tool detected the smell in this class because the class contains only a few data members without any method implementation, that indicates that the abstraction might not be required. Following fields are declared in this class: 
.,org.java_websocket.extensions,CompressionExtensionTest.CustomCompressionExtension,Unutilized Abstraction,The tool detected the smell in this class because this class is potentially unused. (Please ignore the smell if the reported class is auto-generated and/or used to serve a specific known purpose.)
.,org.java_websocket.framing,BinaryFrame,Broken Hierarchy,The tool detected a potential instance of the smell because this type does not implement or override any method from it's supertype(s): DataFrame
.,org.java_websocket.framing,CloseFrame,Deficient Encapsulation,The tool detected the smell in this class because the class exposes fields belonging to it with public accessibility. Following fields are declared with public accessiblity: NORMAL; GOING_AWAY; PROTOCOL_ERROR; REFUSE; NOCODE; ABNORMAL_CLOSE; NO_UTF8; POLICY_VALIDATION; TOOBIG; EXTENSION; UNEXPECTED_CONDITION; SERVICE_RESTART; TRY_AGAIN_LATER; BAD_GATEWAY; TLS_ERROR; NEVER_CONNECTED; BUGGYCLOSE; FLASHPOLICY; code; reason
.,org.java_websocket.framing,CloseFrame,Cyclically-dependent Modularization,The tool detected the smell in this class because this class participates in a cyclic dependency. The participating classes in the cycle are: Charsetfunctions; CloseFrame
.,org.java_websocket.framing,ContinuousFrame,Broken Hierarchy,The tool detected a potential instance of the smell because this type does not implement or override any method from it's supertype(s): DataFrame
.,org.java_websocket.framing,FramedataImpl1,Insufficient Modularization,The tool detected the smell in this class becuase the class has bloated interface (large number of public methods). Total public methods in the class: 20 public methods
.,org.java_websocket.framing,PingFrame,Broken Hierarchy,The tool detected a potential instance of the smell because this type does not implement or override any method from it's supertype(s): ControlFrame
.,org.java_websocket.framing,PongFrame,Broken Hierarchy,The tool detected a potential instance of the smell because this type does not implement or override any method from it's supertype(s): ControlFrame
.,org.java_websocket.framing,AllFramingTests,Unnecessary Abstraction,The tool detected the smell in this class because the class contains only a few data members without any method implementation, that indicates that the abstraction might not be required. Following fields are declared in this class: 
.,org.java_websocket.framing,AllFramingTests,Unutilized Abstraction,The tool detected the smell in this class because this class is potentially unused. (Please ignore the smell if the reported class is auto-generated and/or used to serve a specific known purpose.)
.,org.java_websocket.framing,FramedataImpl1Test,Unexploited Encapsulation,The tool detected the smell because a set of type checks are performed while those types belong to the same hierarchy. The participating types that were checked are: BinaryFrame; TextFrame; CloseFrame; ContinuousFrame; PingFrame; PongFrame in method testGet
.,org.java_websocket.framing,FramedataImpl1Test,Missing Hierarchy,The tool detected the smell because a set of type checks are performed to explicitly manage variation in behavior where a hierarchy could have been formed consisting of these participating types. The participating types that were checked are: BinaryFrame; TextFrame; CloseFrame; ContinuousFrame; PingFrame; PongFrame in method testGet
.,org.java_websocket.handshake,HandshakeImpl1Client,Broken Hierarchy,The tool detected a potential instance of the smell because this type does not implement or override any method from it's supertype(s): HandshakedataImpl1; ClientHandshakeBuilder
.,org.java_websocket.handshake,HandshakeImpl1Server,Broken Hierarchy,The tool detected a potential instance of the smell because this type does not implement or override any method from it's supertype(s): HandshakedataImpl1; ServerHandshakeBuilder
.,org.java_websocket.interfaces,ISSLChannel,Unutilized Abstraction,The tool detected the smell in this class because this class is potentially unused. (Please ignore the smell if the reported class is auto-generated and/or used to serve a specific known purpose.)
.,org.java_websocket.protocols,AllProtocolTests,Unnecessary Abstraction,The tool detected the smell in this class because the class contains only a few data members without any method implementation, that indicates that the abstraction might not be required. Following fields are declared in this class: 
.,org.java_websocket.protocols,AllProtocolTests,Unutilized Abstraction,The tool detected the smell in this class because this class is potentially unused. (Please ignore the smell if the reported class is auto-generated and/or used to serve a specific known purpose.)
.,org.java_websocket.protocols,ProtocolHandshakeRejectionTest,Unutilized Abstraction,The tool detected the smell in this class because this class is potentially unused. (Please ignore the smell if the reported class is auto-generated and/or used to serve a specific known purpose.)
.,org.java_websocket.protocols,ProtocolHandshakeRejectionTest,Insufficient Modularization,The tool detected the smell in this class becuase the class has bloated interface (large number of public methods). Total public methods in the class: 38 public methods
.,org.java_websocket.server,WebSocketServer,Insufficient Modularization,The tool detected the smell in this class becuase the class has bloated interface (large number of public methods). Total public methods in the class: 44 public methods
.,org.java_websocket.server,WebSocketServer.WebSocketWorker,Unnecessary Abstraction,The tool detected the smell in this class because the class contains only a few data members without any method implementation, that indicates that the abstraction might not be required. Following fields are declared in this class: iqueue
.,org.java_websocket.server,WebSocketServer.WebSocketWorker,Unutilized Abstraction,The tool detected the smell in this class because this class is potentially unused. (Please ignore the smell if the reported class is auto-generated and/or used to serve a specific known purpose.)
.,org.java_websocket.server,AllServerTests,Unnecessary Abstraction,The tool detected the smell in this class because the class contains only a few data members without any method implementation, that indicates that the abstraction might not be required. Following fields are declared in this class: 
.,org.java_websocket.server,AllServerTests,Unutilized Abstraction,The tool detected the smell in this class because this class is potentially unused. (Please ignore the smell if the reported class is auto-generated and/or used to serve a specific known purpose.)
.,org.java_websocket.server,CustomSSLWebSocketServerFactoryTest.CustomWebSocketAdapter,Unnecessary Abstraction,The tool detected the smell in this class because the class contains only a few data members without any method implementation, that indicates that the abstraction might not be required. Following fields are declared in this class: 
.,org.java_websocket.server,CustomSSLWebSocketServerFactoryTest.CustomWebSocketAdapter,Unutilized Abstraction,The tool detected the smell in this class because this class is potentially unused. (Please ignore the smell if the reported class is auto-generated and/or used to serve a specific known purpose.)
.,org.java_websocket.server,DefaultSSLWebSocketServerFactoryTest.CustomWebSocketAdapter,Unnecessary Abstraction,The tool detected the smell in this class because the class contains only a few data members without any method implementation, that indicates that the abstraction might not be required. Following fields are declared in this class: 
.,org.java_websocket.server,DefaultSSLWebSocketServerFactoryTest.CustomWebSocketAdapter,Unutilized Abstraction,The tool detected the smell in this class because this class is potentially unused. (Please ignore the smell if the reported class is auto-generated and/or used to serve a specific known purpose.)
.,org.java_websocket.server,DefaultWebSocketServerFactoryTest.CustomWebSocketAdapter,Unnecessary Abstraction,The tool detected the smell in this class because the class contains only a few data members without any method implementation, that indicates that the abstraction might not be required. Following fields are declared in this class: 
.,org.java_websocket.server,DefaultWebSocketServerFactoryTest.CustomWebSocketAdapter,Unutilized Abstraction,The tool detected the smell in this class because this class is potentially unused. (Please ignore the smell if the reported class is auto-generated and/or used to serve a specific known purpose.)
.,org.java_websocket.server,SSLParametersWebSocketServerFactoryTest.CustomWebSocketAdapter,Unnecessary Abstraction,The tool detected the smell in this class because the class contains only a few data members without any method implementation, that indicates that the abstraction might not be required. Following fields are declared in this class: 
.,org.java_websocket.server,SSLParametersWebSocketServerFactoryTest.CustomWebSocketAdapter,Unutilized Abstraction,The tool detected the smell in this class because this class is potentially unused. (Please ignore the smell if the reported class is auto-generated and/or used to serve a specific known purpose.)
.,org.java_websocket.server,WebSocketServerTest.MyWebSocketServer,Unnecessary Abstraction,The tool detected the smell in this class because the class contains only a few data members without any method implementation, that indicates that the abstraction might not be required. Following fields are declared in this class: serverLatch
.,org.java_websocket.server,WebSocketServerTest.MyWebSocketServer,Unutilized Abstraction,The tool detected the smell in this class because this class is potentially unused. (Please ignore the smell if the reported class is auto-generated and/or used to serve a specific known purpose.)
.,org.java_websocket.util,Base64,Deficient Encapsulation,The tool detected the smell in this class because the class exposes fields belonging to it with public accessibility. Following fields are declared with public accessiblity: NO_OPTIONS; ENCODE; GZIP; DO_BREAK_LINES; URL_SAFE; ORDERED; MAX_LINE_LENGTH; EQUALS_SIGN; NEW_LINE; PREFERRED_ENCODING; WHITE_SPACE_ENC; _STANDARD_ALPHABET; _STANDARD_DECODABET; _URL_SAFE_ALPHABET; _URL_SAFE_DECODABET; _ORDERED_ALPHABET; _ORDERED_DECODABET; encode; position; buffer; bufferLength; lineLength; breakLines; b4; suspendEncoding; options; decodabet
.,org.java_websocket.util,Base64.OutputStream,Unutilized Abstraction,The tool detected the smell in this class because this class is potentially unused. (Please ignore the smell if the reported class is auto-generated and/or used to serve a specific known purpose.)
.,org.java_websocket.util,Base64.OutputStream,Broken Modularization,The tool detected the smell in this class because it contains only data members without any method implementation. Following fields are declared in this class: encode; position; buffer; bufferLength; lineLength; breakLines; b4; suspendEncoding; options; decodabet
.,org.java_websocket.util,Charsetfunctions,Cyclically-dependent Modularization,The tool detected the smell in this class because this class participates in a cyclic dependency. The participating classes in the cycle are: Charsetfunctions; CloseFrame
.,org.java_websocket.util,NamedThreadFactory,Unutilized Abstraction,The tool detected the smell in this class because this class is potentially unused. (Please ignore the smell if the reported class is auto-generated and/or used to serve a specific known purpose.)
.,org.java_websocket.util,Base64Test,Deficient Encapsulation,The tool detected the smell in this class because the class exposes fields belonging to it with public accessibility. Following fields are declared with public accessiblity: thrown
.,org.java_websocket.autobahn,AutobahnServerResultsTest,Insufficient Modularization,The tool detected the smell in this class becuase the class has bloated interface (large number of public methods). Total public methods in the class: 303 public methods
.,org.java_websocket.example,AutobahnClientTest,Unutilized Abstraction,The tool detected the smell in this class because this class is potentially unused. (Please ignore the smell if the reported class is auto-generated and/or used to serve a specific known purpose.)
.,org.java_websocket.example,AutobahnServerTest,Unutilized Abstraction,The tool detected the smell in this class because this class is potentially unused. (Please ignore the smell if the reported class is auto-generated and/or used to serve a specific known purpose.)
.,org.java_websocket.example,AutobahnSSLServerTest,Unutilized Abstraction,The tool detected the smell in this class because this class is potentially unused. (Please ignore the smell if the reported class is auto-generated and/or used to serve a specific known purpose.)
.,org.java_websocket.issues,AllIssueTests,Unnecessary Abstraction,The tool detected the smell in this class because the class contains only a few data members without any method implementation, that indicates that the abstraction might not be required. Following fields are declared in this class: 
.,org.java_websocket.issues,AllIssueTests,Unutilized Abstraction,The tool detected the smell in this class because this class is potentially unused. (Please ignore the smell if the reported class is auto-generated and/or used to serve a specific known purpose.)
.,org.java_websocket.issues,Issue1142Test,Unutilized Abstraction,The tool detected the smell in this class because this class is potentially unused. (Please ignore the smell if the reported class is auto-generated and/or used to serve a specific known purpose.)
.,org.java_websocket.issues,Issue1142Test.MyWebSocketServer,Unnecessary Abstraction,The tool detected the smell in this class because the class contains only a few data members without any method implementation, that indicates that the abstraction might not be required. Following fields are declared in this class: countServerLatch
.,org.java_websocket.issues,Issue1142Test.MyWebSocketServer,Unutilized Abstraction,The tool detected the smell in this class because this class is potentially unused. (Please ignore the smell if the reported class is auto-generated and/or used to serve a specific known purpose.)
.,org.java_websocket.issues,Issue1160Test,Unutilized Abstraction,The tool detected the smell in this class because this class is potentially unused. (Please ignore the smell if the reported class is auto-generated and/or used to serve a specific known purpose.)
.,org.java_websocket.issues,Issue1160Test.TestClient,Unnecessary Abstraction,The tool detected the smell in this class because the class contains only a few data members without any method implementation, that indicates that the abstraction might not be required. Following fields are declared in this class: onCloseLatch
.,org.java_websocket.issues,Issue1160Test.TestClient,Unutilized Abstraction,The tool detected the smell in this class because this class is potentially unused. (Please ignore the smell if the reported class is auto-generated and/or used to serve a specific known purpose.)
.,org.java_websocket.issues,Issue1203Test,Unutilized Abstraction,The tool detected the smell in this class because this class is potentially unused. (Please ignore the smell if the reported class is auto-generated and/or used to serve a specific known purpose.)
.,org.java_websocket.issues,Issue256Test,Unutilized Abstraction,The tool detected the smell in this class because this class is potentially unused. (Please ignore the smell if the reported class is auto-generated and/or used to serve a specific known purpose.)
.,org.java_websocket.issues,Issue256Test,Deficient Encapsulation,The tool detected the smell in this class because the class exposes fields belonging to it with public accessibility. Following fields are declared with public accessiblity: NUMBER_OF_TESTS; ws; port; countServerDownLatch; zombies; count
.,org.java_websocket.issues,Issue580Test,Deficient Encapsulation,The tool detected the smell in this class because the class exposes fields belonging to it with public accessibility. Following fields are declared with public accessiblity: NUMBER_OF_TESTS; count; zombies
.,org.java_websocket.issues,Issue621Test.TestPrintStream,Unnecessary Abstraction,The tool detected the smell in this class because the class contains only a few data members without any method implementation, that indicates that the abstraction might not be required. Following fields are declared in this class: 
.,org.java_websocket.issues,Issue621Test.TestPrintStream,Unutilized Abstraction,The tool detected the smell in this class because this class is potentially unused. (Please ignore the smell if the reported class is auto-generated and/or used to serve a specific known purpose.)
.,org.java_websocket.issues,Issue661Test,Unutilized Abstraction,The tool detected the smell in this class because this class is potentially unused. (Please ignore the smell if the reported class is auto-generated and/or used to serve a specific known purpose.)
.,org.java_websocket.issues,Issue661Test,Deficient Encapsulation,The tool detected the smell in this class because the class exposes fields belonging to it with public accessibility. Following fields are declared with public accessiblity: zombies; countServerDownLatch; wasError; wasBindException
.,org.java_websocket.issues,Issue713Test.TestWebSocket,Unnecessary Abstraction,The tool detected the smell in this class because the class contains only a few data members without any method implementation, that indicates that the abstraction might not be required. Following fields are declared in this class: 
.,org.java_websocket.issues,Issue713Test.TestWebSocket,Unutilized Abstraction,The tool detected the smell in this class because this class is potentially unused. (Please ignore the smell if the reported class is auto-generated and/or used to serve a specific known purpose.)
.,org.java_websocket.issues,Issue732Test,Unutilized Abstraction,The tool detected the smell in this class because this class is potentially unused. (Please ignore the smell if the reported class is auto-generated and/or used to serve a specific known purpose.)
.,org.java_websocket.issues,Issue732Test,Deficient Encapsulation,The tool detected the smell in this class because the class exposes fields belonging to it with public accessibility. Following fields are declared with public accessiblity: zombies; countServerDownLatch
.,org.java_websocket.issues,Issue764Test,Unutilized Abstraction,The tool detected the smell in this class because this class is potentially unused. (Please ignore the smell if the reported class is auto-generated and/or used to serve a specific known purpose.)
.,org.java_websocket.issues,Issue764Test.MyWebSocketServer,Unnecessary Abstraction,The tool detected the smell in this class because the class contains only a few data members without any method implementation, that indicates that the abstraction might not be required. Following fields are declared in this class: webSocket; countServerDownLatch
.,org.java_websocket.issues,Issue764Test.MyWebSocketServer,Unutilized Abstraction,The tool detected the smell in this class because this class is potentially unused. (Please ignore the smell if the reported class is auto-generated and/or used to serve a specific known purpose.)
.,org.java_websocket.issues,Issue765Test.MyWebSocketServer,Unnecessary Abstraction,The tool detected the smell in this class because the class contains only a few data members without any method implementation, that indicates that the abstraction might not be required. Following fields are declared in this class: 
.,org.java_websocket.issues,Issue765Test.MyWebSocketServer,Unutilized Abstraction,The tool detected the smell in this class because this class is potentially unused. (Please ignore the smell if the reported class is auto-generated and/or used to serve a specific known purpose.)
.,org.java_websocket.issues,Issue765Test.LocalWebSocketFactory,Unnecessary Abstraction,The tool detected the smell in this class because the class contains only a few data members without any method implementation, that indicates that the abstraction might not be required. Following fields are declared in this class: 
.,org.java_websocket.issues,Issue765Test.LocalWebSocketFactory,Unutilized Abstraction,The tool detected the smell in this class because this class is potentially unused. (Please ignore the smell if the reported class is auto-generated and/or used to serve a specific known purpose.)
.,org.java_websocket.issues,Issue811Test,Unutilized Abstraction,The tool detected the smell in this class because this class is potentially unused. (Please ignore the smell if the reported class is auto-generated and/or used to serve a specific known purpose.)
.,org.java_websocket.issues,Issue811Test.MyWebSocketServer,Unnecessary Abstraction,The tool detected the smell in this class because the class contains only a few data members without any method implementation, that indicates that the abstraction might not be required. Following fields are declared in this class: 
.,org.java_websocket.issues,Issue811Test.MyWebSocketServer,Unutilized Abstraction,The tool detected the smell in this class because this class is potentially unused. (Please ignore the smell if the reported class is auto-generated and/or used to serve a specific known purpose.)
.,org.java_websocket.issues,Issue825Test,Unutilized Abstraction,The tool detected the smell in this class because this class is potentially unused. (Please ignore the smell if the reported class is auto-generated and/or used to serve a specific known purpose.)
.,org.java_websocket.issues,Issue825Test.MyWebSocketServer,Unnecessary Abstraction,The tool detected the smell in this class because the class contains only a few data members without any method implementation, that indicates that the abstraction might not be required. Following fields are declared in this class: countServerLatch; countClientMessageLatch
.,org.java_websocket.issues,Issue825Test.MyWebSocketServer,Unutilized Abstraction,The tool detected the smell in this class because this class is potentially unused. (Please ignore the smell if the reported class is auto-generated and/or used to serve a specific known purpose.)
.,org.java_websocket.issues,Issue834Test,Unutilized Abstraction,The tool detected the smell in this class because this class is potentially unused. (Please ignore the smell if the reported class is auto-generated and/or used to serve a specific known purpose.)
.,org.java_websocket.issues,Issue847Test,Unutilized Abstraction,The tool detected the smell in this class because this class is potentially unused. (Please ignore the smell if the reported class is auto-generated and/or used to serve a specific known purpose.)
.,org.java_websocket.issues,Issue847Test,Deficient Encapsulation,The tool detected the smell in this class because the class exposes fields belonging to it with public accessibility. Following fields are declared with public accessiblity: thread; serverSocket; port; NUMBER_OF_TESTS; size
.,org.java_websocket.issues,Issue855Test,Unutilized Abstraction,The tool detected the smell in this class because this class is potentially unused. (Please ignore the smell if the reported class is auto-generated and/or used to serve a specific known purpose.)
.,org.java_websocket.issues,Issue879Test,Unutilized Abstraction,The tool detected the smell in this class because this class is potentially unused. (Please ignore the smell if the reported class is auto-generated and/or used to serve a specific known purpose.)
.,org.java_websocket.issues,Issue879Test,Deficient Encapsulation,The tool detected the smell in this class because the class exposes fields belonging to it with public accessibility. Following fields are declared with public accessiblity: NUMBER_OF_TESTS; numberOfConnections
.,org.java_websocket.issues,Issue879Test.SimpleServer,Unnecessary Abstraction,The tool detected the smell in this class because the class contains only a few data members without any method implementation, that indicates that the abstraction might not be required. Following fields are declared in this class: 
.,org.java_websocket.issues,Issue879Test.SimpleServer,Unutilized Abstraction,The tool detected the smell in this class because this class is potentially unused. (Please ignore the smell if the reported class is auto-generated and/or used to serve a specific known purpose.)
.,org.java_websocket.issues,Issue879Test.SimpleClient,Unnecessary Abstraction,The tool detected the smell in this class because the class contains only a few data members without any method implementation, that indicates that the abstraction might not be required. Following fields are declared in this class: 
.,org.java_websocket.issues,Issue879Test.SimpleClient,Unutilized Abstraction,The tool detected the smell in this class because this class is potentially unused. (Please ignore the smell if the reported class is auto-generated and/or used to serve a specific known purpose.)
.,org.java_websocket.issues,Issue890Test,Unutilized Abstraction,The tool detected the smell in this class because this class is potentially unused. (Please ignore the smell if the reported class is auto-generated and/or used to serve a specific known purpose.)
.,org.java_websocket.issues,Issue890Test,Deficient Encapsulation,The tool detected the smell in this class because the class exposes fields belonging to it with public accessibility. Following fields are declared with public accessiblity: testResult; countServerDownLatch; sslSession; hasSSLSupport
.,org.java_websocket.issues,Issue890Test.MyWebSocketServer,Unnecessary Abstraction,The tool detected the smell in this class because the class contains only a few data members without any method implementation, that indicates that the abstraction might not be required. Following fields are declared in this class: testResult; countServerDownLatch
.,org.java_websocket.issues,Issue890Test.MyWebSocketServer,Unutilized Abstraction,The tool detected the smell in this class because this class is potentially unused. (Please ignore the smell if the reported class is auto-generated and/or used to serve a specific known purpose.)
.,org.java_websocket.issues,Issue890Test.TestResult,Unnecessary Abstraction,The tool detected the smell in this class because the class contains only a few data members without any method implementation, that indicates that the abstraction might not be required. Following fields are declared in this class: sslSession; hasSSLSupport
.,org.java_websocket.issues,Issue890Test.TestResult,Unutilized Abstraction,The tool detected the smell in this class because this class is potentially unused. (Please ignore the smell if the reported class is auto-generated and/or used to serve a specific known purpose.)
.,org.java_websocket.issues,Issue890Test.TestResult,Deficient Encapsulation,The tool detected the smell in this class because the class exposes fields belonging to it with public accessibility. Following fields are declared with public accessiblity: sslSession; hasSSLSupport
.,org.java_websocket.issues,Issue900Test,Unutilized Abstraction,The tool detected the smell in this class because this class is potentially unused. (Please ignore the smell if the reported class is auto-generated and/or used to serve a specific known purpose.)
.,org.java_websocket.issues,Issue900Test.ExceptionThrowingByteChannel,Unnecessary Abstraction,The tool detected the smell in this class because the class contains only a few data members without any method implementation, that indicates that the abstraction might not be required. Following fields are declared in this class: 
.,org.java_websocket.issues,Issue900Test.ExceptionThrowingByteChannel,Unutilized Abstraction,The tool detected the smell in this class because this class is potentially unused. (Please ignore the smell if the reported class is auto-generated and/or used to serve a specific known purpose.)
.,org.java_websocket.issues,Issue962Test,Unutilized Abstraction,The tool detected the smell in this class because this class is potentially unused. (Please ignore the smell if the reported class is auto-generated and/or used to serve a specific known purpose.)
.,org.java_websocket.issues,Issue962Test.TestSocketFactory,Unnecessary Abstraction,The tool detected the smell in this class because the class contains only a few data members without any method implementation, that indicates that the abstraction might not be required. Following fields are declared in this class: socketFactory; bindingAddress
.,org.java_websocket.issues,Issue962Test.TestSocketFactory,Unutilized Abstraction,The tool detected the smell in this class because this class is potentially unused. (Please ignore the smell if the reported class is auto-generated and/or used to serve a specific known purpose.)
.,org.java_websocket.issues,Issue997Test,Unutilized Abstraction,The tool detected the smell in this class because this class is potentially unused. (Please ignore the smell if the reported class is auto-generated and/or used to serve a specific known purpose.)
.,org.java_websocket.issues,Issue997Test,Deficient Encapsulation,The tool detected the smell in this class because the class exposes fields belonging to it with public accessibility. Following fields are declared with public accessiblity: endpointIdentificationAlgorithm; onSSLError; onOpen; countServerDownLatch
.,org.java_websocket.issues,Issue997Test.SSLWebSocketClient,Unnecessary Abstraction,The tool detected the smell in this class because the class contains only a few data members without any method implementation, that indicates that the abstraction might not be required. Following fields are declared in this class: endpointIdentificationAlgorithm; onSSLError; onOpen
.,org.java_websocket.issues,Issue997Test.SSLWebSocketClient,Unutilized Abstraction,The tool detected the smell in this class because this class is potentially unused. (Please ignore the smell if the reported class is auto-generated and/or used to serve a specific known purpose.)
.,org.java_websocket.issues,Issue997Test.SSLWebSocketClient,Deficient Encapsulation,The tool detected the smell in this class because the class exposes fields belonging to it with public accessibility. Following fields are declared with public accessiblity: endpointIdentificationAlgorithm; onSSLError; onOpen
.,org.java_websocket.issues,Issue997Test.SSLWebSocketServer,Unnecessary Abstraction,The tool detected the smell in this class because the class contains only a few data members without any method implementation, that indicates that the abstraction might not be required. Following fields are declared in this class: countServerDownLatch
.,org.java_websocket.issues,Issue997Test.SSLWebSocketServer,Unutilized Abstraction,The tool detected the smell in this class because this class is potentially unused. (Please ignore the smell if the reported class is auto-generated and/or used to serve a specific known purpose.)
.,org.java_websocket.misc,AllMiscTests,Unnecessary Abstraction,The tool detected the smell in this class because the class contains only a few data members without any method implementation, that indicates that the abstraction might not be required. Following fields are declared in this class: 
.,org.java_websocket.misc,AllMiscTests,Unutilized Abstraction,The tool detected the smell in this class because this class is potentially unused. (Please ignore the smell if the reported class is auto-generated and/or used to serve a specific known purpose.)
.,org.java_websocket.misc,OpeningHandshakeRejectionTest,Unutilized Abstraction,The tool detected the smell in this class because this class is potentially unused. (Please ignore the smell if the reported class is auto-generated and/or used to serve a specific known purpose.)
