Project Name,Package Name,Type Name,Method Name,Test Smell,Cause of the Smell
.,org.java_websocket.client,AttachmentTest,testSetter,Assertion roulette,The tool detected the smell in this test method because the test uses multiple assertion in the test. Total number of assertions in the test are: 3
.,org.java_websocket.client,HeadersTest,testHttpHeaders,Assertion roulette,The tool detected the smell in this test method because the test uses multiple assertion in the test. Total number of assertions in the test are: 2
.,org.java_websocket.client,HeadersTest,test_Add_RemoveHeaders,Assertion roulette,The tool detected the smell in this test method because the test uses multiple assertion in the test. Total number of assertions in the test are: 3
.,org.java_websocket.client,SchemaCheckTest,testSchemaCheck,Assertion roulette,The tool detected the smell in this test method because the test uses multiple assertion in the test. Total number of assertions in the test are: 2
.,org.java_websocket.drafts,Draft_6455Test,Draft_6455Test,Constructor initialization,The tool detected the smell in this class because the class uses its constructor to initialize fields rather than test setup method.
.,org.java_websocket.drafts,Draft_6455Test,testConstructor,Assertion roulette,The tool detected the smell in this test method because the test uses multiple assertion in the test. Total number of assertions in the test are: 7
.,org.java_websocket.drafts,Draft_6455Test,testGetKnownExtensions,Assertion roulette,The tool detected the smell in this test method because the test uses multiple assertion in the test. Total number of assertions in the test are: 3
.,org.java_websocket.drafts,Draft_6455Test,testGetProtocol,Assertion roulette,The tool detected the smell in this test method because the test uses multiple assertion in the test. Total number of assertions in the test are: 4
.,org.java_websocket.drafts,Draft_6455Test,testGetKnownProtocols,Assertion roulette,The tool detected the smell in this test method because the test uses multiple assertion in the test. Total number of assertions in the test are: 4
.,org.java_websocket.drafts,Draft_6455Test,testCopyInstance,Assertion roulette,The tool detected the smell in this test method because the test uses multiple assertion in the test. Total number of assertions in the test are: 5
.,org.java_websocket.drafts,Draft_6455Test,testReset,Assertion roulette,The tool detected the smell in this test method because the test uses multiple assertion in the test. Total number of assertions in the test are: 4
.,org.java_websocket.drafts,Draft_6455Test,testToString,Assertion roulette,The tool detected the smell in this test method because the test uses multiple assertion in the test. Total number of assertions in the test are: 8
.,org.java_websocket.drafts,Draft_6455Test,testEquals,Assertion roulette,The tool detected the smell in this test method because the test uses multiple assertion in the test. Total number of assertions in the test are: 15
.,org.java_websocket.drafts,Draft_6455Test,testHashCode,Assertion roulette,The tool detected the smell in this test method because the test uses multiple assertion in the test. Total number of assertions in the test are: 15
.,org.java_websocket.drafts,Draft_6455Test,acceptHandshakeAsServer,Assertion roulette,The tool detected the smell in this test method because the test uses multiple assertion in the test. Total number of assertions in the test are: 16
.,org.java_websocket.drafts,Draft_6455Test,acceptHandshakeAsClient,Assertion roulette,The tool detected the smell in this test method because the test uses multiple assertion in the test. Total number of assertions in the test are: 10
.,org.java_websocket.drafts,Draft_6455Test,postProcessHandshakeRequestAsClient,Assertion roulette,The tool detected the smell in this test method because the test uses multiple assertion in the test. Total number of assertions in the test are: 12
.,org.java_websocket.drafts,Draft_6455Test,postProcessHandshakeResponseAsServer,Assertion roulette,The tool detected the smell in this test method because the test uses multiple assertion in the test. Total number of assertions in the test are: 28
.,org.java_websocket.drafts,Draft_6455Test,createFramesBinary,Assertion roulette,The tool detected the smell in this test method because the test uses multiple assertion in the test. Total number of assertions in the test are: 4
.,org.java_websocket.drafts,Draft_6455Test,createFramesText,Assertion roulette,The tool detected the smell in this test method because the test uses multiple assertion in the test. Total number of assertions in the test are: 4
.,org.java_websocket.exceptions,IncompleteHandshakeExceptionTest,testConstructor,Assertion roulette,The tool detected the smell in this test method because the test uses multiple assertion in the test. Total number of assertions in the test are: 2
.,org.java_websocket.exceptions,InvalidDataExceptionTest,testConstructor,Assertion roulette,The tool detected the smell in this test method because the test uses multiple assertion in the test. Total number of assertions in the test are: 8
.,org.java_websocket.exceptions,InvalidEncodingExceptionTest,testConstructor,Assertion roulette,The tool detected the smell in this test method because the test uses multiple assertion in the test. Total number of assertions in the test are: 2
.,org.java_websocket.exceptions,InvalidFrameExceptionTest,testConstructor,Assertion roulette,The tool detected the smell in this test method because the test uses multiple assertion in the test. Total number of assertions in the test are: 8
.,org.java_websocket.exceptions,InvalidHandshakeExceptionTest,testConstructor,Assertion roulette,The tool detected the smell in this test method because the test uses multiple assertion in the test. Total number of assertions in the test are: 8
.,org.java_websocket.exceptions,LimitExceededExceptionTest,testConstructor,Assertion roulette,The tool detected the smell in this test method because the test uses multiple assertion in the test. Total number of assertions in the test are: 4
.,org.java_websocket.exceptions,NotSendableExceptionTest,testConstructor,Assertion roulette,The tool detected the smell in this test method because the test uses multiple assertion in the test. Total number of assertions in the test are: 4
.,org.java_websocket.extensions,CompressionExtensionTest,testIsFrameValid,Assertion roulette,The tool detected the smell in this test method because the test uses multiple assertion in the test. Total number of assertions in the test are: 8
.,org.java_websocket.extensions,CompressionExtensionTest,testIsFrameValid,Exceptional handling,The tool detected the smell in this test method because the test uses try-catch block to assert/fail a check.
.,org.java_websocket.extensions,DefaultExtensionTest,testAcceptProvidedExtensionAsServer,Assertion roulette,The tool detected the smell in this test method because the test uses multiple assertion in the test. Total number of assertions in the test are: 5
.,org.java_websocket.extensions,DefaultExtensionTest,testAcceptProvidedExtensionAsClient,Assertion roulette,The tool detected the smell in this test method because the test uses multiple assertion in the test. Total number of assertions in the test are: 5
.,org.java_websocket.extensions,DefaultExtensionTest,testIsFrameValid,Assertion roulette,The tool detected the smell in this test method because the test uses multiple assertion in the test. Total number of assertions in the test are: 4
.,org.java_websocket.extensions,DefaultExtensionTest,testIsFrameValid,Exceptional handling,The tool detected the smell in this test method because the test uses try-catch block to assert/fail a check.
.,org.java_websocket.extensions,DefaultExtensionTest,testEquals,Assertion roulette,The tool detected the smell in this test method because the test uses multiple assertion in the test. Total number of assertions in the test are: 3
.,org.java_websocket.extensions,PerMessageDeflateExtensionTest,testDecodeFrame,Assertion roulette,The tool detected the smell in this test method because the test uses multiple assertion in the test. Total number of assertions in the test are: 2
.,org.java_websocket.extensions,PerMessageDeflateExtensionTest,testDecodeFrameIfRSVIsNotSet,Assertion roulette,The tool detected the smell in this test method because the test uses multiple assertion in the test. Total number of assertions in the test are: 2
.,org.java_websocket.extensions,PerMessageDeflateExtensionTest,testEncodeFrameBelowThreshold,Assertion roulette,The tool detected the smell in this test method because the test uses multiple assertion in the test. Total number of assertions in the test are: 2
.,org.java_websocket.extensions,PerMessageDeflateExtensionTest,testAcceptProvidedExtensionAsServer,Assertion roulette,The tool detected the smell in this test method because the test uses multiple assertion in the test. Total number of assertions in the test are: 3
.,org.java_websocket.extensions,PerMessageDeflateExtensionTest,testAcceptProvidedExtensionAsClient,Assertion roulette,The tool detected the smell in this test method because the test uses multiple assertion in the test. Total number of assertions in the test are: 3
.,org.java_websocket.extensions,PerMessageDeflateExtensionTest,testIsFrameValid,Assertion roulette,The tool detected the smell in this test method because the test uses multiple assertion in the test. Total number of assertions in the test are: 5
.,org.java_websocket.extensions,PerMessageDeflateExtensionTest,testIsFrameValid,Exceptional handling,The tool detected the smell in this test method because the test uses try-catch block to assert/fail a check.
.,org.java_websocket.framing,BinaryFrameTest,testConstructor,Assertion roulette,The tool detected the smell in this test method because the test uses multiple assertion in the test. Total number of assertions in the test are: 8
.,org.java_websocket.framing,BinaryFrameTest,testConstructor,Exceptional handling,The tool detected the smell in this test method because the test uses try-catch block to assert/fail a check.
.,org.java_websocket.framing,BinaryFrameTest,testIsValid,Exceptional handling,The tool detected the smell in this test method because the test uses try-catch block to assert/fail a check.
.,org.java_websocket.framing,CloseFrameTest,testConstructor,Assertion roulette,The tool detected the smell in this test method because the test uses multiple assertion in the test. Total number of assertions in the test are: 8
.,org.java_websocket.framing,CloseFrameTest,testConstructor,Exceptional handling,The tool detected the smell in this test method because the test uses try-catch block to assert/fail a check.
.,org.java_websocket.framing,CloseFrameTest,testIsValid,Assertion roulette,The tool detected the smell in this test method because the test uses multiple assertion in the test. Total number of assertions in the test are: 26
.,org.java_websocket.framing,CloseFrameTest,testIsValid,Exceptional handling,The tool detected the smell in this test method because the test uses try-catch block to assert/fail a check.
.,org.java_websocket.framing,ContinuousFrameTest,testConstructor,Assertion roulette,The tool detected the smell in this test method because the test uses multiple assertion in the test. Total number of assertions in the test are: 8
.,org.java_websocket.framing,ContinuousFrameTest,testConstructor,Exceptional handling,The tool detected the smell in this test method because the test uses try-catch block to assert/fail a check.
.,org.java_websocket.framing,ContinuousFrameTest,testIsValid,Exceptional handling,The tool detected the smell in this test method because the test uses try-catch block to assert/fail a check.
.,org.java_websocket.framing,FramedataImpl1Test,testDefaultValues,Assertion roulette,The tool detected the smell in this test method because the test uses multiple assertion in the test. Total number of assertions in the test are: 7
.,org.java_websocket.framing,FramedataImpl1Test,testGet,Assertion roulette,The tool detected the smell in this test method because the test uses multiple assertion in the test. Total number of assertions in the test are: 7
.,org.java_websocket.framing,FramedataImpl1Test,testSetters,Assertion roulette,The tool detected the smell in this test method because the test uses multiple assertion in the test. Total number of assertions in the test are: 6
.,org.java_websocket.framing,FramedataImpl1Test,testAppend,Assertion roulette,The tool detected the smell in this test method because the test uses multiple assertion in the test. Total number of assertions in the test are: 2
.,org.java_websocket.framing,PingFrameTest,testConstructor,Assertion roulette,The tool detected the smell in this test method because the test uses multiple assertion in the test. Total number of assertions in the test are: 8
.,org.java_websocket.framing,PingFrameTest,testConstructor,Exceptional handling,The tool detected the smell in this test method because the test uses try-catch block to assert/fail a check.
.,org.java_websocket.framing,PingFrameTest,testIsValid,Assertion roulette,The tool detected the smell in this test method because the test uses multiple assertion in the test. Total number of assertions in the test are: 5
.,org.java_websocket.framing,PingFrameTest,testIsValid,Exceptional handling,The tool detected the smell in this test method because the test uses try-catch block to assert/fail a check.
.,org.java_websocket.framing,PongFrameTest,testConstructor,Assertion roulette,The tool detected the smell in this test method because the test uses multiple assertion in the test. Total number of assertions in the test are: 8
.,org.java_websocket.framing,PongFrameTest,testConstructor,Exceptional handling,The tool detected the smell in this test method because the test uses try-catch block to assert/fail a check.
.,org.java_websocket.framing,PongFrameTest,testIsValid,Assertion roulette,The tool detected the smell in this test method because the test uses multiple assertion in the test. Total number of assertions in the test are: 5
.,org.java_websocket.framing,PongFrameTest,testIsValid,Exceptional handling,The tool detected the smell in this test method because the test uses try-catch block to assert/fail a check.
.,org.java_websocket.framing,TextFrameTest,testConstructor,Assertion roulette,The tool detected the smell in this test method because the test uses multiple assertion in the test. Total number of assertions in the test are: 8
.,org.java_websocket.framing,TextFrameTest,testConstructor,Exceptional handling,The tool detected the smell in this test method because the test uses try-catch block to assert/fail a check.
.,org.java_websocket.framing,TextFrameTest,testIsValid,Assertion roulette,The tool detected the smell in this test method because the test uses multiple assertion in the test. Total number of assertions in the test are: 2
.,org.java_websocket.framing,TextFrameTest,testIsValid,Exceptional handling,The tool detected the smell in this test method because the test uses try-catch block to assert/fail a check.
.,org.java_websocket.protocols,ProtocolTest,testAcceptProvidedProtocol,Assertion roulette,The tool detected the smell in this test method because the test uses multiple assertion in the test. Total number of assertions in the test are: 11
.,org.java_websocket.protocols,ProtocolTest,testGetProvidedProtocol,Assertion roulette,The tool detected the smell in this test method because the test uses multiple assertion in the test. Total number of assertions in the test are: 2
.,org.java_websocket.protocols,ProtocolTest,testCopyInstance,Assertion roulette,The tool detected the smell in this test method because the test uses multiple assertion in the test. Total number of assertions in the test are: 2
.,org.java_websocket.protocols,ProtocolTest,testToString,Assertion roulette,The tool detected the smell in this test method because the test uses multiple assertion in the test. Total number of assertions in the test are: 2
.,org.java_websocket.protocols,ProtocolTest,testEquals,Assertion roulette,The tool detected the smell in this test method because the test uses multiple assertion in the test. Total number of assertions in the test are: 5
.,org.java_websocket.protocols,ProtocolTest,testHashCode,Assertion roulette,The tool detected the smell in this test method because the test uses multiple assertion in the test. Total number of assertions in the test are: 3
.,org.java_websocket.server,CustomSSLWebSocketServerFactoryTest,testConstructor,Assertion roulette,The tool detected the smell in this test method because the test uses multiple assertion in the test. Total number of assertions in the test are: 8
.,org.java_websocket.server,CustomSSLWebSocketServerFactoryTest,testConstructor,Exceptional handling,The tool detected the smell in this test method because the test uses try-catch block to assert/fail a check.
.,org.java_websocket.server,CustomSSLWebSocketServerFactoryTest,testCreateWebSocket,Assertion roulette,The tool detected the smell in this test method because the test uses multiple assertion in the test. Total number of assertions in the test are: 2
.,org.java_websocket.server,CustomSSLWebSocketServerFactoryTest,testWrapChannel,Missing assertion,The tool detected the smell in this test method because the test doesn't have any assertion.
.,org.java_websocket.server,CustomSSLWebSocketServerFactoryTest,testClose,Missing assertion,The tool detected the smell in this test method because the test doesn't have any assertion.
.,org.java_websocket.server,DefaultSSLWebSocketServerFactoryTest,testConstructor,Assertion roulette,The tool detected the smell in this test method because the test uses multiple assertion in the test. Total number of assertions in the test are: 5
.,org.java_websocket.server,DefaultSSLWebSocketServerFactoryTest,testConstructor,Exceptional handling,The tool detected the smell in this test method because the test uses try-catch block to assert/fail a check.
.,org.java_websocket.server,DefaultSSLWebSocketServerFactoryTest,testCreateWebSocket,Assertion roulette,The tool detected the smell in this test method because the test uses multiple assertion in the test. Total number of assertions in the test are: 2
.,org.java_websocket.server,DefaultSSLWebSocketServerFactoryTest,testWrapChannel,Missing assertion,The tool detected the smell in this test method because the test doesn't have any assertion.
.,org.java_websocket.server,DefaultSSLWebSocketServerFactoryTest,testClose,Missing assertion,The tool detected the smell in this test method because the test doesn't have any assertion.
.,org.java_websocket.server,DefaultWebSocketServerFactoryTest,testCreateWebSocket,Assertion roulette,The tool detected the smell in this test method because the test uses multiple assertion in the test. Total number of assertions in the test are: 2
.,org.java_websocket.server,DefaultWebSocketServerFactoryTest,testClose,Missing assertion,The tool detected the smell in this test method because the test doesn't have any assertion.
.,org.java_websocket.server,SSLParametersWebSocketServerFactoryTest,testConstructor,Assertion roulette,The tool detected the smell in this test method because the test uses multiple assertion in the test. Total number of assertions in the test are: 4
.,org.java_websocket.server,SSLParametersWebSocketServerFactoryTest,testConstructor,Exceptional handling,The tool detected the smell in this test method because the test uses try-catch block to assert/fail a check.
.,org.java_websocket.server,SSLParametersWebSocketServerFactoryTest,testCreateWebSocket,Assertion roulette,The tool detected the smell in this test method because the test uses multiple assertion in the test. Total number of assertions in the test are: 2
.,org.java_websocket.server,SSLParametersWebSocketServerFactoryTest,testWrapChannel,Missing assertion,The tool detected the smell in this test method because the test doesn't have any assertion.
.,org.java_websocket.server,SSLParametersWebSocketServerFactoryTest,testClose,Missing assertion,The tool detected the smell in this test method because the test doesn't have any assertion.
.,org.java_websocket.server,WebSocketServerTest,testConstructor,Assertion roulette,The tool detected the smell in this test method because the test uses multiple assertion in the test. Total number of assertions in the test are: 8
.,org.java_websocket.server,WebSocketServerTest,testConstructor,Exceptional handling,The tool detected the smell in this test method because the test uses try-catch block to assert/fail a check.
.,org.java_websocket.server,WebSocketServerTest,testGetDrafts,Assertion roulette,The tool detected the smell in this test method because the test uses multiple assertion in the test. Total number of assertions in the test are: 2
.,org.java_websocket.server,WebSocketServerTest,testGetPort,Assertion roulette,The tool detected the smell in this test method because the test uses multiple assertion in the test. Total number of assertions in the test are: 3
.,org.java_websocket.server,WebSocketServerTest,testMaxPendingConnections,Assertion roulette,The tool detected the smell in this test method because the test uses multiple assertion in the test. Total number of assertions in the test are: 2
.,org.java_websocket.server,WebSocketServerTest,testBroadcast,Assertion roulette,The tool detected the smell in this test method because the test uses multiple assertion in the test. Total number of assertions in the test are: 7
.,org.java_websocket.server,WebSocketServerTest,testBroadcast,Exceptional handling,The tool detected the smell in this test method because the test uses try-catch block to assert/fail a check.
.,org.java_websocket.util,Base64Test,testEncodeBytes,Assertion roulette,The tool detected the smell in this test method because the test uses multiple assertion in the test. Total number of assertions in the test are: 3
.,org.java_websocket.util,Base64Test,testEncodeBytes2,Missing assertion,The tool detected the smell in this test method because the test doesn't have any assertion.
.,org.java_websocket.util,Base64Test,testEncodeBytes3,Missing assertion,The tool detected the smell in this test method because the test doesn't have any assertion.
.,org.java_websocket.util,Base64Test,testEncodeBytes4,Missing assertion,The tool detected the smell in this test method because the test doesn't have any assertion.
.,org.java_websocket.util,Base64Test,testEncodeBytes5,Missing assertion,The tool detected the smell in this test method because the test doesn't have any assertion.
.,org.java_websocket.util,Base64Test,testEncodeBytesToBytes1,Assertion roulette,The tool detected the smell in this test method because the test uses multiple assertion in the test. Total number of assertions in the test are: 7
.,org.java_websocket.util,Base64Test,testEncodeBytesToBytes2,Missing assertion,The tool detected the smell in this test method because the test doesn't have any assertion.
.,org.java_websocket.util,ByteBufferUtilsTest,testTransferByteBufferSmallToEmpty,Assertion roulette,The tool detected the smell in this test method because the test uses multiple assertion in the test. Total number of assertions in the test are: 2
.,org.java_websocket.util,ByteBufferUtilsTest,testTransferByteBufferSmallToBig,Assertion roulette,The tool detected the smell in this test method because the test uses multiple assertion in the test. Total number of assertions in the test are: 10
.,org.java_websocket.util,ByteBufferUtilsTest,testTransferByteBufferBigToSmall,Assertion roulette,The tool detected the smell in this test method because the test uses multiple assertion in the test. Total number of assertions in the test are: 6
.,org.java_websocket.util,CharsetfunctionsTest,testIsValidUTF8off,Assertion roulette,The tool detected the smell in this test method because the test uses multiple assertion in the test. Total number of assertions in the test are: 3
.,org.java_websocket.util,CharsetfunctionsTest,testIsValidUTF8,Assertion roulette,The tool detected the smell in this test method because the test uses multiple assertion in the test. Total number of assertions in the test are: 2
.,org.java_websocket.autobahn,AutobahnServerResultsTest,test1_1_1,Assertion roulette,The tool detected the smell in this test method because the test uses multiple assertion in the test. Total number of assertions in the test are: 2
.,org.java_websocket.autobahn,AutobahnServerResultsTest,test1_1_2,Assertion roulette,The tool detected the smell in this test method because the test uses multiple assertion in the test. Total number of assertions in the test are: 2
.,org.java_websocket.autobahn,AutobahnServerResultsTest,test1_1_3,Assertion roulette,The tool detected the smell in this test method because the test uses multiple assertion in the test. Total number of assertions in the test are: 2
.,org.java_websocket.autobahn,AutobahnServerResultsTest,test1_1_4,Assertion roulette,The tool detected the smell in this test method because the test uses multiple assertion in the test. Total number of assertions in the test are: 2
.,org.java_websocket.autobahn,AutobahnServerResultsTest,test1_1_5,Assertion roulette,The tool detected the smell in this test method because the test uses multiple assertion in the test. Total number of assertions in the test are: 2
.,org.java_websocket.autobahn,AutobahnServerResultsTest,test1_1_6,Assertion roulette,The tool detected the smell in this test method because the test uses multiple assertion in the test. Total number of assertions in the test are: 2
.,org.java_websocket.autobahn,AutobahnServerResultsTest,test1_1_7,Assertion roulette,The tool detected the smell in this test method because the test uses multiple assertion in the test. Total number of assertions in the test are: 2
.,org.java_websocket.autobahn,AutobahnServerResultsTest,test1_1_8,Assertion roulette,The tool detected the smell in this test method because the test uses multiple assertion in the test. Total number of assertions in the test are: 2
.,org.java_websocket.autobahn,AutobahnServerResultsTest,test1_2_1,Assertion roulette,The tool detected the smell in this test method because the test uses multiple assertion in the test. Total number of assertions in the test are: 2
.,org.java_websocket.autobahn,AutobahnServerResultsTest,test1_2_2,Assertion roulette,The tool detected the smell in this test method because the test uses multiple assertion in the test. Total number of assertions in the test are: 2
.,org.java_websocket.autobahn,AutobahnServerResultsTest,test1_2_3,Assertion roulette,The tool detected the smell in this test method because the test uses multiple assertion in the test. Total number of assertions in the test are: 2
.,org.java_websocket.autobahn,AutobahnServerResultsTest,test1_2_4,Assertion roulette,The tool detected the smell in this test method because the test uses multiple assertion in the test. Total number of assertions in the test are: 2
.,org.java_websocket.autobahn,AutobahnServerResultsTest,test1_2_5,Assertion roulette,The tool detected the smell in this test method because the test uses multiple assertion in the test. Total number of assertions in the test are: 2
.,org.java_websocket.autobahn,AutobahnServerResultsTest,test1_2_6,Assertion roulette,The tool detected the smell in this test method because the test uses multiple assertion in the test. Total number of assertions in the test are: 2
.,org.java_websocket.autobahn,AutobahnServerResultsTest,test1_2_7,Assertion roulette,The tool detected the smell in this test method because the test uses multiple assertion in the test. Total number of assertions in the test are: 2
.,org.java_websocket.autobahn,AutobahnServerResultsTest,test1_2_8,Assertion roulette,The tool detected the smell in this test method because the test uses multiple assertion in the test. Total number of assertions in the test are: 2
.,org.java_websocket.autobahn,AutobahnServerResultsTest,test2_1,Assertion roulette,The tool detected the smell in this test method because the test uses multiple assertion in the test. Total number of assertions in the test are: 2
.,org.java_websocket.autobahn,AutobahnServerResultsTest,test2_2,Assertion roulette,The tool detected the smell in this test method because the test uses multiple assertion in the test. Total number of assertions in the test are: 2
.,org.java_websocket.autobahn,AutobahnServerResultsTest,test2_3,Assertion roulette,The tool detected the smell in this test method because the test uses multiple assertion in the test. Total number of assertions in the test are: 2
.,org.java_websocket.autobahn,AutobahnServerResultsTest,test2_4,Assertion roulette,The tool detected the smell in this test method because the test uses multiple assertion in the test. Total number of assertions in the test are: 2
.,org.java_websocket.autobahn,AutobahnServerResultsTest,test2_5,Assertion roulette,The tool detected the smell in this test method because the test uses multiple assertion in the test. Total number of assertions in the test are: 2
.,org.java_websocket.autobahn,AutobahnServerResultsTest,test2_6,Assertion roulette,The tool detected the smell in this test method because the test uses multiple assertion in the test. Total number of assertions in the test are: 2
.,org.java_websocket.autobahn,AutobahnServerResultsTest,test2_7,Assertion roulette,The tool detected the smell in this test method because the test uses multiple assertion in the test. Total number of assertions in the test are: 2
.,org.java_websocket.autobahn,AutobahnServerResultsTest,test2_8,Assertion roulette,The tool detected the smell in this test method because the test uses multiple assertion in the test. Total number of assertions in the test are: 2
.,org.java_websocket.autobahn,AutobahnServerResultsTest,test2_9,Assertion roulette,The tool detected the smell in this test method because the test uses multiple assertion in the test. Total number of assertions in the test are: 2
.,org.java_websocket.autobahn,AutobahnServerResultsTest,test2_10,Assertion roulette,The tool detected the smell in this test method because the test uses multiple assertion in the test. Total number of assertions in the test are: 2
.,org.java_websocket.autobahn,AutobahnServerResultsTest,test2_11,Assertion roulette,The tool detected the smell in this test method because the test uses multiple assertion in the test. Total number of assertions in the test are: 2
.,org.java_websocket.autobahn,AutobahnServerResultsTest,test3_1,Assertion roulette,The tool detected the smell in this test method because the test uses multiple assertion in the test. Total number of assertions in the test are: 2
.,org.java_websocket.autobahn,AutobahnServerResultsTest,test3_2,Assertion roulette,The tool detected the smell in this test method because the test uses multiple assertion in the test. Total number of assertions in the test are: 2
.,org.java_websocket.autobahn,AutobahnServerResultsTest,test3_3,Assertion roulette,The tool detected the smell in this test method because the test uses multiple assertion in the test. Total number of assertions in the test are: 2
.,org.java_websocket.autobahn,AutobahnServerResultsTest,test3_4,Assertion roulette,The tool detected the smell in this test method because the test uses multiple assertion in the test. Total number of assertions in the test are: 2
.,org.java_websocket.autobahn,AutobahnServerResultsTest,test3_5,Assertion roulette,The tool detected the smell in this test method because the test uses multiple assertion in the test. Total number of assertions in the test are: 2
.,org.java_websocket.autobahn,AutobahnServerResultsTest,test3_6,Assertion roulette,The tool detected the smell in this test method because the test uses multiple assertion in the test. Total number of assertions in the test are: 2
.,org.java_websocket.autobahn,AutobahnServerResultsTest,test3_7,Assertion roulette,The tool detected the smell in this test method because the test uses multiple assertion in the test. Total number of assertions in the test are: 2
.,org.java_websocket.autobahn,AutobahnServerResultsTest,test4_1_1,Assertion roulette,The tool detected the smell in this test method because the test uses multiple assertion in the test. Total number of assertions in the test are: 2
.,org.java_websocket.autobahn,AutobahnServerResultsTest,test4_1_2,Assertion roulette,The tool detected the smell in this test method because the test uses multiple assertion in the test. Total number of assertions in the test are: 2
.,org.java_websocket.autobahn,AutobahnServerResultsTest,test4_1_3,Assertion roulette,The tool detected the smell in this test method because the test uses multiple assertion in the test. Total number of assertions in the test are: 2
.,org.java_websocket.autobahn,AutobahnServerResultsTest,test4_1_4,Assertion roulette,The tool detected the smell in this test method because the test uses multiple assertion in the test. Total number of assertions in the test are: 2
.,org.java_websocket.autobahn,AutobahnServerResultsTest,test4_1_5,Assertion roulette,The tool detected the smell in this test method because the test uses multiple assertion in the test. Total number of assertions in the test are: 2
.,org.java_websocket.autobahn,AutobahnServerResultsTest,test4_2_1,Assertion roulette,The tool detected the smell in this test method because the test uses multiple assertion in the test. Total number of assertions in the test are: 2
.,org.java_websocket.autobahn,AutobahnServerResultsTest,test4_2_2,Assertion roulette,The tool detected the smell in this test method because the test uses multiple assertion in the test. Total number of assertions in the test are: 2
.,org.java_websocket.autobahn,AutobahnServerResultsTest,test4_2_3,Assertion roulette,The tool detected the smell in this test method because the test uses multiple assertion in the test. Total number of assertions in the test are: 2
.,org.java_websocket.autobahn,AutobahnServerResultsTest,test4_2_4,Assertion roulette,The tool detected the smell in this test method because the test uses multiple assertion in the test. Total number of assertions in the test are: 2
.,org.java_websocket.autobahn,AutobahnServerResultsTest,test4_2_5,Assertion roulette,The tool detected the smell in this test method because the test uses multiple assertion in the test. Total number of assertions in the test are: 2
.,org.java_websocket.autobahn,AutobahnServerResultsTest,test5_1,Assertion roulette,The tool detected the smell in this test method because the test uses multiple assertion in the test. Total number of assertions in the test are: 2
.,org.java_websocket.autobahn,AutobahnServerResultsTest,test5_2,Assertion roulette,The tool detected the smell in this test method because the test uses multiple assertion in the test. Total number of assertions in the test are: 2
.,org.java_websocket.autobahn,AutobahnServerResultsTest,test5_3,Assertion roulette,The tool detected the smell in this test method because the test uses multiple assertion in the test. Total number of assertions in the test are: 2
.,org.java_websocket.autobahn,AutobahnServerResultsTest,test5_4,Assertion roulette,The tool detected the smell in this test method because the test uses multiple assertion in the test. Total number of assertions in the test are: 2
.,org.java_websocket.autobahn,AutobahnServerResultsTest,test5_5,Assertion roulette,The tool detected the smell in this test method because the test uses multiple assertion in the test. Total number of assertions in the test are: 2
.,org.java_websocket.autobahn,AutobahnServerResultsTest,test5_6,Assertion roulette,The tool detected the smell in this test method because the test uses multiple assertion in the test. Total number of assertions in the test are: 2
.,org.java_websocket.autobahn,AutobahnServerResultsTest,test5_7,Assertion roulette,The tool detected the smell in this test method because the test uses multiple assertion in the test. Total number of assertions in the test are: 2
.,org.java_websocket.autobahn,AutobahnServerResultsTest,test5_8,Assertion roulette,The tool detected the smell in this test method because the test uses multiple assertion in the test. Total number of assertions in the test are: 2
.,org.java_websocket.autobahn,AutobahnServerResultsTest,test5_9,Assertion roulette,The tool detected the smell in this test method because the test uses multiple assertion in the test. Total number of assertions in the test are: 2
.,org.java_websocket.autobahn,AutobahnServerResultsTest,test5_10,Assertion roulette,The tool detected the smell in this test method because the test uses multiple assertion in the test. Total number of assertions in the test are: 2
.,org.java_websocket.autobahn,AutobahnServerResultsTest,test5_11,Assertion roulette,The tool detected the smell in this test method because the test uses multiple assertion in the test. Total number of assertions in the test are: 2
.,org.java_websocket.autobahn,AutobahnServerResultsTest,test5_12,Assertion roulette,The tool detected the smell in this test method because the test uses multiple assertion in the test. Total number of assertions in the test are: 2
.,org.java_websocket.autobahn,AutobahnServerResultsTest,test5_13,Assertion roulette,The tool detected the smell in this test method because the test uses multiple assertion in the test. Total number of assertions in the test are: 2
.,org.java_websocket.autobahn,AutobahnServerResultsTest,test5_14,Assertion roulette,The tool detected the smell in this test method because the test uses multiple assertion in the test. Total number of assertions in the test are: 2
.,org.java_websocket.autobahn,AutobahnServerResultsTest,test5_15,Assertion roulette,The tool detected the smell in this test method because the test uses multiple assertion in the test. Total number of assertions in the test are: 2
.,org.java_websocket.autobahn,AutobahnServerResultsTest,test5_16,Assertion roulette,The tool detected the smell in this test method because the test uses multiple assertion in the test. Total number of assertions in the test are: 2
.,org.java_websocket.autobahn,AutobahnServerResultsTest,test5_17,Assertion roulette,The tool detected the smell in this test method because the test uses multiple assertion in the test. Total number of assertions in the test are: 2
.,org.java_websocket.autobahn,AutobahnServerResultsTest,test5_18,Assertion roulette,The tool detected the smell in this test method because the test uses multiple assertion in the test. Total number of assertions in the test are: 2
.,org.java_websocket.autobahn,AutobahnServerResultsTest,test5_19,Assertion roulette,The tool detected the smell in this test method because the test uses multiple assertion in the test. Total number of assertions in the test are: 2
.,org.java_websocket.autobahn,AutobahnServerResultsTest,test5_20,Assertion roulette,The tool detected the smell in this test method because the test uses multiple assertion in the test. Total number of assertions in the test are: 2
.,org.java_websocket.autobahn,AutobahnServerResultsTest,test6_1_1,Assertion roulette,The tool detected the smell in this test method because the test uses multiple assertion in the test. Total number of assertions in the test are: 2
.,org.java_websocket.autobahn,AutobahnServerResultsTest,test6_1_2,Assertion roulette,The tool detected the smell in this test method because the test uses multiple assertion in the test. Total number of assertions in the test are: 2
.,org.java_websocket.autobahn,AutobahnServerResultsTest,test6_1_3,Assertion roulette,The tool detected the smell in this test method because the test uses multiple assertion in the test. Total number of assertions in the test are: 2
.,org.java_websocket.autobahn,AutobahnServerResultsTest,test6_2_1,Assertion roulette,The tool detected the smell in this test method because the test uses multiple assertion in the test. Total number of assertions in the test are: 2
.,org.java_websocket.autobahn,AutobahnServerResultsTest,test6_2_2,Assertion roulette,The tool detected the smell in this test method because the test uses multiple assertion in the test. Total number of assertions in the test are: 2
.,org.java_websocket.autobahn,AutobahnServerResultsTest,test6_2_3,Assertion roulette,The tool detected the smell in this test method because the test uses multiple assertion in the test. Total number of assertions in the test are: 2
.,org.java_websocket.autobahn,AutobahnServerResultsTest,test6_2_4,Assertion roulette,The tool detected the smell in this test method because the test uses multiple assertion in the test. Total number of assertions in the test are: 2
.,org.java_websocket.autobahn,AutobahnServerResultsTest,test6_3_1,Assertion roulette,The tool detected the smell in this test method because the test uses multiple assertion in the test. Total number of assertions in the test are: 2
.,org.java_websocket.autobahn,AutobahnServerResultsTest,test6_3_2,Assertion roulette,The tool detected the smell in this test method because the test uses multiple assertion in the test. Total number of assertions in the test are: 2
.,org.java_websocket.autobahn,AutobahnServerResultsTest,test6_4_1,Assertion roulette,The tool detected the smell in this test method because the test uses multiple assertion in the test. Total number of assertions in the test are: 2
.,org.java_websocket.autobahn,AutobahnServerResultsTest,test6_4_2,Assertion roulette,The tool detected the smell in this test method because the test uses multiple assertion in the test. Total number of assertions in the test are: 2
.,org.java_websocket.autobahn,AutobahnServerResultsTest,test6_4_3,Assertion roulette,The tool detected the smell in this test method because the test uses multiple assertion in the test. Total number of assertions in the test are: 2
.,org.java_websocket.autobahn,AutobahnServerResultsTest,test6_4_4,Assertion roulette,The tool detected the smell in this test method because the test uses multiple assertion in the test. Total number of assertions in the test are: 2
.,org.java_websocket.autobahn,AutobahnServerResultsTest,test6_5_1,Assertion roulette,The tool detected the smell in this test method because the test uses multiple assertion in the test. Total number of assertions in the test are: 2
.,org.java_websocket.autobahn,AutobahnServerResultsTest,test6_5_2,Assertion roulette,The tool detected the smell in this test method because the test uses multiple assertion in the test. Total number of assertions in the test are: 2
.,org.java_websocket.autobahn,AutobahnServerResultsTest,test6_5_3,Assertion roulette,The tool detected the smell in this test method because the test uses multiple assertion in the test. Total number of assertions in the test are: 2
.,org.java_websocket.autobahn,AutobahnServerResultsTest,test6_5_4,Assertion roulette,The tool detected the smell in this test method because the test uses multiple assertion in the test. Total number of assertions in the test are: 2
.,org.java_websocket.autobahn,AutobahnServerResultsTest,test6_5_5,Assertion roulette,The tool detected the smell in this test method because the test uses multiple assertion in the test. Total number of assertions in the test are: 2
.,org.java_websocket.autobahn,AutobahnServerResultsTest,test6_6_1,Assertion roulette,The tool detected the smell in this test method because the test uses multiple assertion in the test. Total number of assertions in the test are: 2
.,org.java_websocket.autobahn,AutobahnServerResultsTest,test6_6_2,Assertion roulette,The tool detected the smell in this test method because the test uses multiple assertion in the test. Total number of assertions in the test are: 2
.,org.java_websocket.autobahn,AutobahnServerResultsTest,test6_6_3,Assertion roulette,The tool detected the smell in this test method because the test uses multiple assertion in the test. Total number of assertions in the test are: 2
.,org.java_websocket.autobahn,AutobahnServerResultsTest,test6_6_4,Assertion roulette,The tool detected the smell in this test method because the test uses multiple assertion in the test. Total number of assertions in the test are: 2
.,org.java_websocket.autobahn,AutobahnServerResultsTest,test6_6_5,Assertion roulette,The tool detected the smell in this test method because the test uses multiple assertion in the test. Total number of assertions in the test are: 2
.,org.java_websocket.autobahn,AutobahnServerResultsTest,test6_6_6,Assertion roulette,The tool detected the smell in this test method because the test uses multiple assertion in the test. Total number of assertions in the test are: 2
.,org.java_websocket.autobahn,AutobahnServerResultsTest,test6_6_7,Assertion roulette,The tool detected the smell in this test method because the test uses multiple assertion in the test. Total number of assertions in the test are: 2
.,org.java_websocket.autobahn,AutobahnServerResultsTest,test6_6_8,Assertion roulette,The tool detected the smell in this test method because the test uses multiple assertion in the test. Total number of assertions in the test are: 2
.,org.java_websocket.autobahn,AutobahnServerResultsTest,test6_6_9,Assertion roulette,The tool detected the smell in this test method because the test uses multiple assertion in the test. Total number of assertions in the test are: 2
.,org.java_websocket.autobahn,AutobahnServerResultsTest,test6_6_10,Assertion roulette,The tool detected the smell in this test method because the test uses multiple assertion in the test. Total number of assertions in the test are: 2
.,org.java_websocket.autobahn,AutobahnServerResultsTest,test6_6_11,Assertion roulette,The tool detected the smell in this test method because the test uses multiple assertion in the test. Total number of assertions in the test are: 2
.,org.java_websocket.autobahn,AutobahnServerResultsTest,test6_7_1,Assertion roulette,The tool detected the smell in this test method because the test uses multiple assertion in the test. Total number of assertions in the test are: 2
.,org.java_websocket.autobahn,AutobahnServerResultsTest,test6_7_2,Assertion roulette,The tool detected the smell in this test method because the test uses multiple assertion in the test. Total number of assertions in the test are: 2
.,org.java_websocket.autobahn,AutobahnServerResultsTest,test6_7_3,Assertion roulette,The tool detected the smell in this test method because the test uses multiple assertion in the test. Total number of assertions in the test are: 2
.,org.java_websocket.autobahn,AutobahnServerResultsTest,test6_7_4,Assertion roulette,The tool detected the smell in this test method because the test uses multiple assertion in the test. Total number of assertions in the test are: 2
.,org.java_websocket.autobahn,AutobahnServerResultsTest,test6_8_1,Assertion roulette,The tool detected the smell in this test method because the test uses multiple assertion in the test. Total number of assertions in the test are: 2
.,org.java_websocket.autobahn,AutobahnServerResultsTest,test6_8_2,Assertion roulette,The tool detected the smell in this test method because the test uses multiple assertion in the test. Total number of assertions in the test are: 2
.,org.java_websocket.autobahn,AutobahnServerResultsTest,test6_9_1,Assertion roulette,The tool detected the smell in this test method because the test uses multiple assertion in the test. Total number of assertions in the test are: 2
.,org.java_websocket.autobahn,AutobahnServerResultsTest,test6_9_2,Assertion roulette,The tool detected the smell in this test method because the test uses multiple assertion in the test. Total number of assertions in the test are: 2
.,org.java_websocket.autobahn,AutobahnServerResultsTest,test6_9_3,Assertion roulette,The tool detected the smell in this test method because the test uses multiple assertion in the test. Total number of assertions in the test are: 2
.,org.java_websocket.autobahn,AutobahnServerResultsTest,test6_9_4,Assertion roulette,The tool detected the smell in this test method because the test uses multiple assertion in the test. Total number of assertions in the test are: 2
.,org.java_websocket.autobahn,AutobahnServerResultsTest,test6_10_1,Assertion roulette,The tool detected the smell in this test method because the test uses multiple assertion in the test. Total number of assertions in the test are: 2
.,org.java_websocket.autobahn,AutobahnServerResultsTest,test6_10_2,Assertion roulette,The tool detected the smell in this test method because the test uses multiple assertion in the test. Total number of assertions in the test are: 2
.,org.java_websocket.autobahn,AutobahnServerResultsTest,test6_10_3,Assertion roulette,The tool detected the smell in this test method because the test uses multiple assertion in the test. Total number of assertions in the test are: 2
.,org.java_websocket.autobahn,AutobahnServerResultsTest,test6_11_1,Assertion roulette,The tool detected the smell in this test method because the test uses multiple assertion in the test. Total number of assertions in the test are: 2
.,org.java_websocket.autobahn,AutobahnServerResultsTest,test6_11_2,Assertion roulette,The tool detected the smell in this test method because the test uses multiple assertion in the test. Total number of assertions in the test are: 2
.,org.java_websocket.autobahn,AutobahnServerResultsTest,test6_11_3,Assertion roulette,The tool detected the smell in this test method because the test uses multiple assertion in the test. Total number of assertions in the test are: 2
.,org.java_websocket.autobahn,AutobahnServerResultsTest,test6_11_4,Assertion roulette,The tool detected the smell in this test method because the test uses multiple assertion in the test. Total number of assertions in the test are: 2
.,org.java_websocket.autobahn,AutobahnServerResultsTest,test6_11_5,Assertion roulette,The tool detected the smell in this test method because the test uses multiple assertion in the test. Total number of assertions in the test are: 2
.,org.java_websocket.autobahn,AutobahnServerResultsTest,test6_12_1,Assertion roulette,The tool detected the smell in this test method because the test uses multiple assertion in the test. Total number of assertions in the test are: 2
.,org.java_websocket.autobahn,AutobahnServerResultsTest,test6_12_2,Assertion roulette,The tool detected the smell in this test method because the test uses multiple assertion in the test. Total number of assertions in the test are: 2
.,org.java_websocket.autobahn,AutobahnServerResultsTest,test6_12_3,Assertion roulette,The tool detected the smell in this test method because the test uses multiple assertion in the test. Total number of assertions in the test are: 2
.,org.java_websocket.autobahn,AutobahnServerResultsTest,test6_12_4,Assertion roulette,The tool detected the smell in this test method because the test uses multiple assertion in the test. Total number of assertions in the test are: 2
.,org.java_websocket.autobahn,AutobahnServerResultsTest,test6_12_5,Assertion roulette,The tool detected the smell in this test method because the test uses multiple assertion in the test. Total number of assertions in the test are: 2
.,org.java_websocket.autobahn,AutobahnServerResultsTest,test6_12_6,Assertion roulette,The tool detected the smell in this test method because the test uses multiple assertion in the test. Total number of assertions in the test are: 2
.,org.java_websocket.autobahn,AutobahnServerResultsTest,test6_12_7,Assertion roulette,The tool detected the smell in this test method because the test uses multiple assertion in the test. Total number of assertions in the test are: 2
.,org.java_websocket.autobahn,AutobahnServerResultsTest,test6_12_8,Assertion roulette,The tool detected the smell in this test method because the test uses multiple assertion in the test. Total number of assertions in the test are: 2
.,org.java_websocket.autobahn,AutobahnServerResultsTest,test6_13_1,Assertion roulette,The tool detected the smell in this test method because the test uses multiple assertion in the test. Total number of assertions in the test are: 2
.,org.java_websocket.autobahn,AutobahnServerResultsTest,test6_13_2,Assertion roulette,The tool detected the smell in this test method because the test uses multiple assertion in the test. Total number of assertions in the test are: 2
.,org.java_websocket.autobahn,AutobahnServerResultsTest,test6_13_3,Assertion roulette,The tool detected the smell in this test method because the test uses multiple assertion in the test. Total number of assertions in the test are: 2
.,org.java_websocket.autobahn,AutobahnServerResultsTest,test6_13_4,Assertion roulette,The tool detected the smell in this test method because the test uses multiple assertion in the test. Total number of assertions in the test are: 2
.,org.java_websocket.autobahn,AutobahnServerResultsTest,test6_13_5,Assertion roulette,The tool detected the smell in this test method because the test uses multiple assertion in the test. Total number of assertions in the test are: 2
.,org.java_websocket.autobahn,AutobahnServerResultsTest,test6_14_1,Assertion roulette,The tool detected the smell in this test method because the test uses multiple assertion in the test. Total number of assertions in the test are: 2
.,org.java_websocket.autobahn,AutobahnServerResultsTest,test6_14_2,Assertion roulette,The tool detected the smell in this test method because the test uses multiple assertion in the test. Total number of assertions in the test are: 2
.,org.java_websocket.autobahn,AutobahnServerResultsTest,test6_14_3,Assertion roulette,The tool detected the smell in this test method because the test uses multiple assertion in the test. Total number of assertions in the test are: 2
.,org.java_websocket.autobahn,AutobahnServerResultsTest,test6_14_4,Assertion roulette,The tool detected the smell in this test method because the test uses multiple assertion in the test. Total number of assertions in the test are: 2
.,org.java_websocket.autobahn,AutobahnServerResultsTest,test6_14_5,Assertion roulette,The tool detected the smell in this test method because the test uses multiple assertion in the test. Total number of assertions in the test are: 2
.,org.java_websocket.autobahn,AutobahnServerResultsTest,test6_14_6,Assertion roulette,The tool detected the smell in this test method because the test uses multiple assertion in the test. Total number of assertions in the test are: 2
.,org.java_websocket.autobahn,AutobahnServerResultsTest,test6_14_7,Assertion roulette,The tool detected the smell in this test method because the test uses multiple assertion in the test. Total number of assertions in the test are: 2
.,org.java_websocket.autobahn,AutobahnServerResultsTest,test6_14_8,Assertion roulette,The tool detected the smell in this test method because the test uses multiple assertion in the test. Total number of assertions in the test are: 2
.,org.java_websocket.autobahn,AutobahnServerResultsTest,test6_14_9,Assertion roulette,The tool detected the smell in this test method because the test uses multiple assertion in the test. Total number of assertions in the test are: 2
.,org.java_websocket.autobahn,AutobahnServerResultsTest,test6_14_10,Assertion roulette,The tool detected the smell in this test method because the test uses multiple assertion in the test. Total number of assertions in the test are: 2
.,org.java_websocket.autobahn,AutobahnServerResultsTest,test6_15_1,Assertion roulette,The tool detected the smell in this test method because the test uses multiple assertion in the test. Total number of assertions in the test are: 2
.,org.java_websocket.autobahn,AutobahnServerResultsTest,test6_16_1,Assertion roulette,The tool detected the smell in this test method because the test uses multiple assertion in the test. Total number of assertions in the test are: 2
.,org.java_websocket.autobahn,AutobahnServerResultsTest,test6_16_2,Assertion roulette,The tool detected the smell in this test method because the test uses multiple assertion in the test. Total number of assertions in the test are: 2
.,org.java_websocket.autobahn,AutobahnServerResultsTest,test6_16_3,Assertion roulette,The tool detected the smell in this test method because the test uses multiple assertion in the test. Total number of assertions in the test are: 2
.,org.java_websocket.autobahn,AutobahnServerResultsTest,test6_17_1,Assertion roulette,The tool detected the smell in this test method because the test uses multiple assertion in the test. Total number of assertions in the test are: 2
.,org.java_websocket.autobahn,AutobahnServerResultsTest,test6_17_2,Assertion roulette,The tool detected the smell in this test method because the test uses multiple assertion in the test. Total number of assertions in the test are: 2
.,org.java_websocket.autobahn,AutobahnServerResultsTest,test6_17_3,Assertion roulette,The tool detected the smell in this test method because the test uses multiple assertion in the test. Total number of assertions in the test are: 2
.,org.java_websocket.autobahn,AutobahnServerResultsTest,test6_17_4,Assertion roulette,The tool detected the smell in this test method because the test uses multiple assertion in the test. Total number of assertions in the test are: 2
.,org.java_websocket.autobahn,AutobahnServerResultsTest,test6_17_5,Assertion roulette,The tool detected the smell in this test method because the test uses multiple assertion in the test. Total number of assertions in the test are: 2
.,org.java_websocket.autobahn,AutobahnServerResultsTest,test6_18_1,Assertion roulette,The tool detected the smell in this test method because the test uses multiple assertion in the test. Total number of assertions in the test are: 2
.,org.java_websocket.autobahn,AutobahnServerResultsTest,test6_18_2,Assertion roulette,The tool detected the smell in this test method because the test uses multiple assertion in the test. Total number of assertions in the test are: 2
.,org.java_websocket.autobahn,AutobahnServerResultsTest,test6_18_3,Assertion roulette,The tool detected the smell in this test method because the test uses multiple assertion in the test. Total number of assertions in the test are: 2
.,org.java_websocket.autobahn,AutobahnServerResultsTest,test6_18_4,Assertion roulette,The tool detected the smell in this test method because the test uses multiple assertion in the test. Total number of assertions in the test are: 2
.,org.java_websocket.autobahn,AutobahnServerResultsTest,test6_18_5,Assertion roulette,The tool detected the smell in this test method because the test uses multiple assertion in the test. Total number of assertions in the test are: 2
.,org.java_websocket.autobahn,AutobahnServerResultsTest,test6_19_1,Assertion roulette,The tool detected the smell in this test method because the test uses multiple assertion in the test. Total number of assertions in the test are: 2
.,org.java_websocket.autobahn,AutobahnServerResultsTest,test6_19_2,Assertion roulette,The tool detected the smell in this test method because the test uses multiple assertion in the test. Total number of assertions in the test are: 2
.,org.java_websocket.autobahn,AutobahnServerResultsTest,test6_19_3,Assertion roulette,The tool detected the smell in this test method because the test uses multiple assertion in the test. Total number of assertions in the test are: 2
.,org.java_websocket.autobahn,AutobahnServerResultsTest,test6_19_4,Assertion roulette,The tool detected the smell in this test method because the test uses multiple assertion in the test. Total number of assertions in the test are: 2
.,org.java_websocket.autobahn,AutobahnServerResultsTest,test6_19_5,Assertion roulette,The tool detected the smell in this test method because the test uses multiple assertion in the test. Total number of assertions in the test are: 2
.,org.java_websocket.autobahn,AutobahnServerResultsTest,test6_20_1,Assertion roulette,The tool detected the smell in this test method because the test uses multiple assertion in the test. Total number of assertions in the test are: 2
.,org.java_websocket.autobahn,AutobahnServerResultsTest,test6_20_2,Assertion roulette,The tool detected the smell in this test method because the test uses multiple assertion in the test. Total number of assertions in the test are: 2
.,org.java_websocket.autobahn,AutobahnServerResultsTest,test6_20_3,Assertion roulette,The tool detected the smell in this test method because the test uses multiple assertion in the test. Total number of assertions in the test are: 2
.,org.java_websocket.autobahn,AutobahnServerResultsTest,test6_20_4,Assertion roulette,The tool detected the smell in this test method because the test uses multiple assertion in the test. Total number of assertions in the test are: 2
.,org.java_websocket.autobahn,AutobahnServerResultsTest,test6_20_5,Assertion roulette,The tool detected the smell in this test method because the test uses multiple assertion in the test. Total number of assertions in the test are: 2
.,org.java_websocket.autobahn,AutobahnServerResultsTest,test6_20_6,Assertion roulette,The tool detected the smell in this test method because the test uses multiple assertion in the test. Total number of assertions in the test are: 2
.,org.java_websocket.autobahn,AutobahnServerResultsTest,test6_20_7,Assertion roulette,The tool detected the smell in this test method because the test uses multiple assertion in the test. Total number of assertions in the test are: 2
.,org.java_websocket.autobahn,AutobahnServerResultsTest,test6_21_1,Assertion roulette,The tool detected the smell in this test method because the test uses multiple assertion in the test. Total number of assertions in the test are: 2
.,org.java_websocket.autobahn,AutobahnServerResultsTest,test6_21_2,Assertion roulette,The tool detected the smell in this test method because the test uses multiple assertion in the test. Total number of assertions in the test are: 2
.,org.java_websocket.autobahn,AutobahnServerResultsTest,test6_21_3,Assertion roulette,The tool detected the smell in this test method because the test uses multiple assertion in the test. Total number of assertions in the test are: 2
.,org.java_websocket.autobahn,AutobahnServerResultsTest,test6_21_4,Assertion roulette,The tool detected the smell in this test method because the test uses multiple assertion in the test. Total number of assertions in the test are: 2
.,org.java_websocket.autobahn,AutobahnServerResultsTest,test6_21_5,Assertion roulette,The tool detected the smell in this test method because the test uses multiple assertion in the test. Total number of assertions in the test are: 2
.,org.java_websocket.autobahn,AutobahnServerResultsTest,test6_21_6,Assertion roulette,The tool detected the smell in this test method because the test uses multiple assertion in the test. Total number of assertions in the test are: 2
.,org.java_websocket.autobahn,AutobahnServerResultsTest,test6_21_7,Assertion roulette,The tool detected the smell in this test method because the test uses multiple assertion in the test. Total number of assertions in the test are: 2
.,org.java_websocket.autobahn,AutobahnServerResultsTest,test6_21_8,Assertion roulette,The tool detected the smell in this test method because the test uses multiple assertion in the test. Total number of assertions in the test are: 2
.,org.java_websocket.autobahn,AutobahnServerResultsTest,test6_22_1,Assertion roulette,The tool detected the smell in this test method because the test uses multiple assertion in the test. Total number of assertions in the test are: 2
.,org.java_websocket.autobahn,AutobahnServerResultsTest,test6_22_2,Assertion roulette,The tool detected the smell in this test method because the test uses multiple assertion in the test. Total number of assertions in the test are: 2
.,org.java_websocket.autobahn,AutobahnServerResultsTest,test6_22_3,Assertion roulette,The tool detected the smell in this test method because the test uses multiple assertion in the test. Total number of assertions in the test are: 2
.,org.java_websocket.autobahn,AutobahnServerResultsTest,test6_22_4,Assertion roulette,The tool detected the smell in this test method because the test uses multiple assertion in the test. Total number of assertions in the test are: 2
.,org.java_websocket.autobahn,AutobahnServerResultsTest,test6_22_5,Assertion roulette,The tool detected the smell in this test method because the test uses multiple assertion in the test. Total number of assertions in the test are: 2
.,org.java_websocket.autobahn,AutobahnServerResultsTest,test6_22_6,Assertion roulette,The tool detected the smell in this test method because the test uses multiple assertion in the test. Total number of assertions in the test are: 2
.,org.java_websocket.autobahn,AutobahnServerResultsTest,test6_22_7,Assertion roulette,The tool detected the smell in this test method because the test uses multiple assertion in the test. Total number of assertions in the test are: 2
.,org.java_websocket.autobahn,AutobahnServerResultsTest,test6_22_8,Assertion roulette,The tool detected the smell in this test method because the test uses multiple assertion in the test. Total number of assertions in the test are: 2
.,org.java_websocket.autobahn,AutobahnServerResultsTest,test6_22_9,Assertion roulette,The tool detected the smell in this test method because the test uses multiple assertion in the test. Total number of assertions in the test are: 2
.,org.java_websocket.autobahn,AutobahnServerResultsTest,test6_22_10,Assertion roulette,The tool detected the smell in this test method because the test uses multiple assertion in the test. Total number of assertions in the test are: 2
.,org.java_websocket.autobahn,AutobahnServerResultsTest,test6_22_11,Assertion roulette,The tool detected the smell in this test method because the test uses multiple assertion in the test. Total number of assertions in the test are: 2
.,org.java_websocket.autobahn,AutobahnServerResultsTest,test6_22_12,Assertion roulette,The tool detected the smell in this test method because the test uses multiple assertion in the test. Total number of assertions in the test are: 2
.,org.java_websocket.autobahn,AutobahnServerResultsTest,test6_22_13,Assertion roulette,The tool detected the smell in this test method because the test uses multiple assertion in the test. Total number of assertions in the test are: 2
.,org.java_websocket.autobahn,AutobahnServerResultsTest,test6_22_14,Assertion roulette,The tool detected the smell in this test method because the test uses multiple assertion in the test. Total number of assertions in the test are: 2
.,org.java_websocket.autobahn,AutobahnServerResultsTest,test6_22_15,Assertion roulette,The tool detected the smell in this test method because the test uses multiple assertion in the test. Total number of assertions in the test are: 2
.,org.java_websocket.autobahn,AutobahnServerResultsTest,test6_22_16,Assertion roulette,The tool detected the smell in this test method because the test uses multiple assertion in the test. Total number of assertions in the test are: 2
.,org.java_websocket.autobahn,AutobahnServerResultsTest,test6_22_17,Assertion roulette,The tool detected the smell in this test method because the test uses multiple assertion in the test. Total number of assertions in the test are: 2
.,org.java_websocket.autobahn,AutobahnServerResultsTest,test6_22_18,Assertion roulette,The tool detected the smell in this test method because the test uses multiple assertion in the test. Total number of assertions in the test are: 2
.,org.java_websocket.autobahn,AutobahnServerResultsTest,test6_22_19,Assertion roulette,The tool detected the smell in this test method because the test uses multiple assertion in the test. Total number of assertions in the test are: 2
.,org.java_websocket.autobahn,AutobahnServerResultsTest,test6_22_20,Assertion roulette,The tool detected the smell in this test method because the test uses multiple assertion in the test. Total number of assertions in the test are: 2
.,org.java_websocket.autobahn,AutobahnServerResultsTest,test6_22_21,Assertion roulette,The tool detected the smell in this test method because the test uses multiple assertion in the test. Total number of assertions in the test are: 2
.,org.java_websocket.autobahn,AutobahnServerResultsTest,test6_22_22,Assertion roulette,The tool detected the smell in this test method because the test uses multiple assertion in the test. Total number of assertions in the test are: 2
.,org.java_websocket.autobahn,AutobahnServerResultsTest,test6_22_23,Assertion roulette,The tool detected the smell in this test method because the test uses multiple assertion in the test. Total number of assertions in the test are: 2
.,org.java_websocket.autobahn,AutobahnServerResultsTest,test6_22_24,Assertion roulette,The tool detected the smell in this test method because the test uses multiple assertion in the test. Total number of assertions in the test are: 2
.,org.java_websocket.autobahn,AutobahnServerResultsTest,test6_22_25,Assertion roulette,The tool detected the smell in this test method because the test uses multiple assertion in the test. Total number of assertions in the test are: 2
.,org.java_websocket.autobahn,AutobahnServerResultsTest,test6_22_26,Assertion roulette,The tool detected the smell in this test method because the test uses multiple assertion in the test. Total number of assertions in the test are: 2
.,org.java_websocket.autobahn,AutobahnServerResultsTest,test6_22_27,Assertion roulette,The tool detected the smell in this test method because the test uses multiple assertion in the test. Total number of assertions in the test are: 2
.,org.java_websocket.autobahn,AutobahnServerResultsTest,test6_22_28,Assertion roulette,The tool detected the smell in this test method because the test uses multiple assertion in the test. Total number of assertions in the test are: 2
.,org.java_websocket.autobahn,AutobahnServerResultsTest,test6_22_29,Assertion roulette,The tool detected the smell in this test method because the test uses multiple assertion in the test. Total number of assertions in the test are: 2
.,org.java_websocket.autobahn,AutobahnServerResultsTest,test6_22_30,Assertion roulette,The tool detected the smell in this test method because the test uses multiple assertion in the test. Total number of assertions in the test are: 2
.,org.java_websocket.autobahn,AutobahnServerResultsTest,test6_22_31,Assertion roulette,The tool detected the smell in this test method because the test uses multiple assertion in the test. Total number of assertions in the test are: 2
.,org.java_websocket.autobahn,AutobahnServerResultsTest,test6_22_32,Assertion roulette,The tool detected the smell in this test method because the test uses multiple assertion in the test. Total number of assertions in the test are: 2
.,org.java_websocket.autobahn,AutobahnServerResultsTest,test6_22_33,Assertion roulette,The tool detected the smell in this test method because the test uses multiple assertion in the test. Total number of assertions in the test are: 2
.,org.java_websocket.autobahn,AutobahnServerResultsTest,test6_22_34,Assertion roulette,The tool detected the smell in this test method because the test uses multiple assertion in the test. Total number of assertions in the test are: 2
.,org.java_websocket.autobahn,AutobahnServerResultsTest,test6_23_1,Assertion roulette,The tool detected the smell in this test method because the test uses multiple assertion in the test. Total number of assertions in the test are: 2
.,org.java_websocket.autobahn,AutobahnServerResultsTest,test6_23_2,Assertion roulette,The tool detected the smell in this test method because the test uses multiple assertion in the test. Total number of assertions in the test are: 2
.,org.java_websocket.autobahn,AutobahnServerResultsTest,test6_23_3,Assertion roulette,The tool detected the smell in this test method because the test uses multiple assertion in the test. Total number of assertions in the test are: 2
.,org.java_websocket.autobahn,AutobahnServerResultsTest,test6_23_4,Assertion roulette,The tool detected the smell in this test method because the test uses multiple assertion in the test. Total number of assertions in the test are: 2
.,org.java_websocket.autobahn,AutobahnServerResultsTest,test6_23_5,Assertion roulette,The tool detected the smell in this test method because the test uses multiple assertion in the test. Total number of assertions in the test are: 2
.,org.java_websocket.autobahn,AutobahnServerResultsTest,test6_23_6,Assertion roulette,The tool detected the smell in this test method because the test uses multiple assertion in the test. Total number of assertions in the test are: 2
.,org.java_websocket.autobahn,AutobahnServerResultsTest,test6_23_7,Assertion roulette,The tool detected the smell in this test method because the test uses multiple assertion in the test. Total number of assertions in the test are: 2
.,org.java_websocket.autobahn,AutobahnServerResultsTest,test7_1_1,Assertion roulette,The tool detected the smell in this test method because the test uses multiple assertion in the test. Total number of assertions in the test are: 2
.,org.java_websocket.autobahn,AutobahnServerResultsTest,test7_1_2,Assertion roulette,The tool detected the smell in this test method because the test uses multiple assertion in the test. Total number of assertions in the test are: 2
.,org.java_websocket.autobahn,AutobahnServerResultsTest,test7_1_3,Assertion roulette,The tool detected the smell in this test method because the test uses multiple assertion in the test. Total number of assertions in the test are: 2
.,org.java_websocket.autobahn,AutobahnServerResultsTest,test7_1_4,Assertion roulette,The tool detected the smell in this test method because the test uses multiple assertion in the test. Total number of assertions in the test are: 2
.,org.java_websocket.autobahn,AutobahnServerResultsTest,test7_1_5,Assertion roulette,The tool detected the smell in this test method because the test uses multiple assertion in the test. Total number of assertions in the test are: 2
.,org.java_websocket.autobahn,AutobahnServerResultsTest,test7_1_6,Assertion roulette,The tool detected the smell in this test method because the test uses multiple assertion in the test. Total number of assertions in the test are: 2
.,org.java_websocket.autobahn,AutobahnServerResultsTest,test7_3_1,Assertion roulette,The tool detected the smell in this test method because the test uses multiple assertion in the test. Total number of assertions in the test are: 2
.,org.java_websocket.autobahn,AutobahnServerResultsTest,test7_3_2,Assertion roulette,The tool detected the smell in this test method because the test uses multiple assertion in the test. Total number of assertions in the test are: 2
.,org.java_websocket.autobahn,AutobahnServerResultsTest,test7_3_3,Assertion roulette,The tool detected the smell in this test method because the test uses multiple assertion in the test. Total number of assertions in the test are: 2
.,org.java_websocket.autobahn,AutobahnServerResultsTest,test7_3_4,Assertion roulette,The tool detected the smell in this test method because the test uses multiple assertion in the test. Total number of assertions in the test are: 2
.,org.java_websocket.autobahn,AutobahnServerResultsTest,test7_3_5,Assertion roulette,The tool detected the smell in this test method because the test uses multiple assertion in the test. Total number of assertions in the test are: 2
.,org.java_websocket.autobahn,AutobahnServerResultsTest,test7_3_6,Assertion roulette,The tool detected the smell in this test method because the test uses multiple assertion in the test. Total number of assertions in the test are: 2
.,org.java_websocket.autobahn,AutobahnServerResultsTest,test7_5_1,Assertion roulette,The tool detected the smell in this test method because the test uses multiple assertion in the test. Total number of assertions in the test are: 2
.,org.java_websocket.autobahn,AutobahnServerResultsTest,test7_7_1,Assertion roulette,The tool detected the smell in this test method because the test uses multiple assertion in the test. Total number of assertions in the test are: 2
.,org.java_websocket.autobahn,AutobahnServerResultsTest,test7_7_2,Assertion roulette,The tool detected the smell in this test method because the test uses multiple assertion in the test. Total number of assertions in the test are: 2
.,org.java_websocket.autobahn,AutobahnServerResultsTest,test7_7_3,Assertion roulette,The tool detected the smell in this test method because the test uses multiple assertion in the test. Total number of assertions in the test are: 2
.,org.java_websocket.autobahn,AutobahnServerResultsTest,test7_7_4,Assertion roulette,The tool detected the smell in this test method because the test uses multiple assertion in the test. Total number of assertions in the test are: 2
.,org.java_websocket.autobahn,AutobahnServerResultsTest,test7_7_5,Assertion roulette,The tool detected the smell in this test method because the test uses multiple assertion in the test. Total number of assertions in the test are: 2
.,org.java_websocket.autobahn,AutobahnServerResultsTest,test7_7_6,Assertion roulette,The tool detected the smell in this test method because the test uses multiple assertion in the test. Total number of assertions in the test are: 2
.,org.java_websocket.autobahn,AutobahnServerResultsTest,test7_7_7,Assertion roulette,The tool detected the smell in this test method because the test uses multiple assertion in the test. Total number of assertions in the test are: 2
.,org.java_websocket.autobahn,AutobahnServerResultsTest,test7_7_8,Assertion roulette,The tool detected the smell in this test method because the test uses multiple assertion in the test. Total number of assertions in the test are: 2
.,org.java_websocket.autobahn,AutobahnServerResultsTest,test7_7_9,Assertion roulette,The tool detected the smell in this test method because the test uses multiple assertion in the test. Total number of assertions in the test are: 2
.,org.java_websocket.autobahn,AutobahnServerResultsTest,test7_7_10,Assertion roulette,The tool detected the smell in this test method because the test uses multiple assertion in the test. Total number of assertions in the test are: 2
.,org.java_websocket.autobahn,AutobahnServerResultsTest,test7_7_11,Assertion roulette,The tool detected the smell in this test method because the test uses multiple assertion in the test. Total number of assertions in the test are: 2
.,org.java_websocket.autobahn,AutobahnServerResultsTest,test7_7_12,Assertion roulette,The tool detected the smell in this test method because the test uses multiple assertion in the test. Total number of assertions in the test are: 2
.,org.java_websocket.autobahn,AutobahnServerResultsTest,test7_7_13,Assertion roulette,The tool detected the smell in this test method because the test uses multiple assertion in the test. Total number of assertions in the test are: 2
.,org.java_websocket.autobahn,AutobahnServerResultsTest,test7_9_1,Assertion roulette,The tool detected the smell in this test method because the test uses multiple assertion in the test. Total number of assertions in the test are: 2
.,org.java_websocket.autobahn,AutobahnServerResultsTest,test7_9_2,Assertion roulette,The tool detected the smell in this test method because the test uses multiple assertion in the test. Total number of assertions in the test are: 2
.,org.java_websocket.autobahn,AutobahnServerResultsTest,test7_9_3,Assertion roulette,The tool detected the smell in this test method because the test uses multiple assertion in the test. Total number of assertions in the test are: 2
.,org.java_websocket.autobahn,AutobahnServerResultsTest,test7_9_4,Assertion roulette,The tool detected the smell in this test method because the test uses multiple assertion in the test. Total number of assertions in the test are: 2
.,org.java_websocket.autobahn,AutobahnServerResultsTest,test7_9_5,Assertion roulette,The tool detected the smell in this test method because the test uses multiple assertion in the test. Total number of assertions in the test are: 2
.,org.java_websocket.autobahn,AutobahnServerResultsTest,test7_9_7,Assertion roulette,The tool detected the smell in this test method because the test uses multiple assertion in the test. Total number of assertions in the test are: 2
.,org.java_websocket.autobahn,AutobahnServerResultsTest,test7_9_8,Assertion roulette,The tool detected the smell in this test method because the test uses multiple assertion in the test. Total number of assertions in the test are: 2
.,org.java_websocket.autobahn,AutobahnServerResultsTest,test7_9_9,Assertion roulette,The tool detected the smell in this test method because the test uses multiple assertion in the test. Total number of assertions in the test are: 2
.,org.java_websocket.autobahn,AutobahnServerResultsTest,test7_9_10,Assertion roulette,The tool detected the smell in this test method because the test uses multiple assertion in the test. Total number of assertions in the test are: 2
.,org.java_websocket.autobahn,AutobahnServerResultsTest,test7_9_11,Assertion roulette,The tool detected the smell in this test method because the test uses multiple assertion in the test. Total number of assertions in the test are: 2
.,org.java_websocket.autobahn,AutobahnServerResultsTest,test7_13_1,Assertion roulette,The tool detected the smell in this test method because the test uses multiple assertion in the test. Total number of assertions in the test are: 2
.,org.java_websocket.autobahn,AutobahnServerResultsTest,test7_13_2,Assertion roulette,The tool detected the smell in this test method because the test uses multiple assertion in the test. Total number of assertions in the test are: 2
.,org.java_websocket.autobahn,AutobahnServerResultsTest,test9_1_1,Assertion roulette,The tool detected the smell in this test method because the test uses multiple assertion in the test. Total number of assertions in the test are: 2
.,org.java_websocket.autobahn,AutobahnServerResultsTest,test9_1_2,Assertion roulette,The tool detected the smell in this test method because the test uses multiple assertion in the test. Total number of assertions in the test are: 2
.,org.java_websocket.autobahn,AutobahnServerResultsTest,test9_1_3,Assertion roulette,The tool detected the smell in this test method because the test uses multiple assertion in the test. Total number of assertions in the test are: 2
.,org.java_websocket.autobahn,AutobahnServerResultsTest,test9_1_4,Assertion roulette,The tool detected the smell in this test method because the test uses multiple assertion in the test. Total number of assertions in the test are: 2
.,org.java_websocket.autobahn,AutobahnServerResultsTest,test9_1_5,Assertion roulette,The tool detected the smell in this test method because the test uses multiple assertion in the test. Total number of assertions in the test are: 2
.,org.java_websocket.autobahn,AutobahnServerResultsTest,test9_1_6,Assertion roulette,The tool detected the smell in this test method because the test uses multiple assertion in the test. Total number of assertions in the test are: 2
.,org.java_websocket.autobahn,AutobahnServerResultsTest,test9_2_1,Assertion roulette,The tool detected the smell in this test method because the test uses multiple assertion in the test. Total number of assertions in the test are: 2
.,org.java_websocket.autobahn,AutobahnServerResultsTest,test9_2_2,Assertion roulette,The tool detected the smell in this test method because the test uses multiple assertion in the test. Total number of assertions in the test are: 2
.,org.java_websocket.autobahn,AutobahnServerResultsTest,test9_2_3,Assertion roulette,The tool detected the smell in this test method because the test uses multiple assertion in the test. Total number of assertions in the test are: 2
.,org.java_websocket.autobahn,AutobahnServerResultsTest,test9_2_4,Assertion roulette,The tool detected the smell in this test method because the test uses multiple assertion in the test. Total number of assertions in the test are: 2
.,org.java_websocket.autobahn,AutobahnServerResultsTest,test9_2_5,Assertion roulette,The tool detected the smell in this test method because the test uses multiple assertion in the test. Total number of assertions in the test are: 2
.,org.java_websocket.autobahn,AutobahnServerResultsTest,test9_2_6,Assertion roulette,The tool detected the smell in this test method because the test uses multiple assertion in the test. Total number of assertions in the test are: 2
.,org.java_websocket.autobahn,AutobahnServerResultsTest,test9_3_1,Assertion roulette,The tool detected the smell in this test method because the test uses multiple assertion in the test. Total number of assertions in the test are: 2
.,org.java_websocket.autobahn,AutobahnServerResultsTest,test9_3_2,Assertion roulette,The tool detected the smell in this test method because the test uses multiple assertion in the test. Total number of assertions in the test are: 2
.,org.java_websocket.autobahn,AutobahnServerResultsTest,test9_3_3,Assertion roulette,The tool detected the smell in this test method because the test uses multiple assertion in the test. Total number of assertions in the test are: 2
.,org.java_websocket.autobahn,AutobahnServerResultsTest,test9_3_4,Assertion roulette,The tool detected the smell in this test method because the test uses multiple assertion in the test. Total number of assertions in the test are: 2
.,org.java_websocket.autobahn,AutobahnServerResultsTest,test9_3_5,Assertion roulette,The tool detected the smell in this test method because the test uses multiple assertion in the test. Total number of assertions in the test are: 2
.,org.java_websocket.autobahn,AutobahnServerResultsTest,test9_3_6,Assertion roulette,The tool detected the smell in this test method because the test uses multiple assertion in the test. Total number of assertions in the test are: 2
.,org.java_websocket.autobahn,AutobahnServerResultsTest,test9_3_7,Assertion roulette,The tool detected the smell in this test method because the test uses multiple assertion in the test. Total number of assertions in the test are: 2
.,org.java_websocket.autobahn,AutobahnServerResultsTest,test9_3_8,Assertion roulette,The tool detected the smell in this test method because the test uses multiple assertion in the test. Total number of assertions in the test are: 2
.,org.java_websocket.autobahn,AutobahnServerResultsTest,test9_3_9,Assertion roulette,The tool detected the smell in this test method because the test uses multiple assertion in the test. Total number of assertions in the test are: 2
.,org.java_websocket.autobahn,AutobahnServerResultsTest,test9_4_1,Assertion roulette,The tool detected the smell in this test method because the test uses multiple assertion in the test. Total number of assertions in the test are: 2
.,org.java_websocket.autobahn,AutobahnServerResultsTest,test9_4_2,Assertion roulette,The tool detected the smell in this test method because the test uses multiple assertion in the test. Total number of assertions in the test are: 2
.,org.java_websocket.autobahn,AutobahnServerResultsTest,test9_4_3,Assertion roulette,The tool detected the smell in this test method because the test uses multiple assertion in the test. Total number of assertions in the test are: 2
.,org.java_websocket.autobahn,AutobahnServerResultsTest,test9_4_4,Assertion roulette,The tool detected the smell in this test method because the test uses multiple assertion in the test. Total number of assertions in the test are: 2
.,org.java_websocket.autobahn,AutobahnServerResultsTest,test9_4_5,Assertion roulette,The tool detected the smell in this test method because the test uses multiple assertion in the test. Total number of assertions in the test are: 2
.,org.java_websocket.autobahn,AutobahnServerResultsTest,test9_4_6,Assertion roulette,The tool detected the smell in this test method because the test uses multiple assertion in the test. Total number of assertions in the test are: 2
.,org.java_websocket.autobahn,AutobahnServerResultsTest,test9_4_7,Assertion roulette,The tool detected the smell in this test method because the test uses multiple assertion in the test. Total number of assertions in the test are: 2
.,org.java_websocket.autobahn,AutobahnServerResultsTest,test9_4_8,Assertion roulette,The tool detected the smell in this test method because the test uses multiple assertion in the test. Total number of assertions in the test are: 2
.,org.java_websocket.autobahn,AutobahnServerResultsTest,test9_4_9,Assertion roulette,The tool detected the smell in this test method because the test uses multiple assertion in the test. Total number of assertions in the test are: 2
.,org.java_websocket.autobahn,AutobahnServerResultsTest,test9_5_1,Assertion roulette,The tool detected the smell in this test method because the test uses multiple assertion in the test. Total number of assertions in the test are: 2
.,org.java_websocket.autobahn,AutobahnServerResultsTest,test9_5_2,Assertion roulette,The tool detected the smell in this test method because the test uses multiple assertion in the test. Total number of assertions in the test are: 2
.,org.java_websocket.autobahn,AutobahnServerResultsTest,test9_5_3,Assertion roulette,The tool detected the smell in this test method because the test uses multiple assertion in the test. Total number of assertions in the test are: 2
.,org.java_websocket.autobahn,AutobahnServerResultsTest,test9_5_4,Assertion roulette,The tool detected the smell in this test method because the test uses multiple assertion in the test. Total number of assertions in the test are: 2
.,org.java_websocket.autobahn,AutobahnServerResultsTest,test9_5_5,Assertion roulette,The tool detected the smell in this test method because the test uses multiple assertion in the test. Total number of assertions in the test are: 2
.,org.java_websocket.autobahn,AutobahnServerResultsTest,test9_5_6,Assertion roulette,The tool detected the smell in this test method because the test uses multiple assertion in the test. Total number of assertions in the test are: 2
.,org.java_websocket.autobahn,AutobahnServerResultsTest,test9_6_1,Assertion roulette,The tool detected the smell in this test method because the test uses multiple assertion in the test. Total number of assertions in the test are: 2
.,org.java_websocket.autobahn,AutobahnServerResultsTest,test9_6_2,Assertion roulette,The tool detected the smell in this test method because the test uses multiple assertion in the test. Total number of assertions in the test are: 2
.,org.java_websocket.autobahn,AutobahnServerResultsTest,test9_6_3,Assertion roulette,The tool detected the smell in this test method because the test uses multiple assertion in the test. Total number of assertions in the test are: 2
.,org.java_websocket.autobahn,AutobahnServerResultsTest,test9_6_4,Assertion roulette,The tool detected the smell in this test method because the test uses multiple assertion in the test. Total number of assertions in the test are: 2
.,org.java_websocket.autobahn,AutobahnServerResultsTest,test9_6_5,Assertion roulette,The tool detected the smell in this test method because the test uses multiple assertion in the test. Total number of assertions in the test are: 2
.,org.java_websocket.autobahn,AutobahnServerResultsTest,test9_6_6,Assertion roulette,The tool detected the smell in this test method because the test uses multiple assertion in the test. Total number of assertions in the test are: 2
.,org.java_websocket.autobahn,AutobahnServerResultsTest,test9_7_1,Assertion roulette,The tool detected the smell in this test method because the test uses multiple assertion in the test. Total number of assertions in the test are: 2
.,org.java_websocket.autobahn,AutobahnServerResultsTest,test9_7_2,Assertion roulette,The tool detected the smell in this test method because the test uses multiple assertion in the test. Total number of assertions in the test are: 2
.,org.java_websocket.autobahn,AutobahnServerResultsTest,test9_7_3,Assertion roulette,The tool detected the smell in this test method because the test uses multiple assertion in the test. Total number of assertions in the test are: 2
.,org.java_websocket.autobahn,AutobahnServerResultsTest,test9_7_4,Assertion roulette,The tool detected the smell in this test method because the test uses multiple assertion in the test. Total number of assertions in the test are: 2
.,org.java_websocket.autobahn,AutobahnServerResultsTest,test9_7_5,Assertion roulette,The tool detected the smell in this test method because the test uses multiple assertion in the test. Total number of assertions in the test are: 2
.,org.java_websocket.autobahn,AutobahnServerResultsTest,test9_7_6,Assertion roulette,The tool detected the smell in this test method because the test uses multiple assertion in the test. Total number of assertions in the test are: 2
.,org.java_websocket.autobahn,AutobahnServerResultsTest,test9_8_1,Assertion roulette,The tool detected the smell in this test method because the test uses multiple assertion in the test. Total number of assertions in the test are: 2
.,org.java_websocket.autobahn,AutobahnServerResultsTest,test9_8_2,Assertion roulette,The tool detected the smell in this test method because the test uses multiple assertion in the test. Total number of assertions in the test are: 2
.,org.java_websocket.autobahn,AutobahnServerResultsTest,test9_8_3,Assertion roulette,The tool detected the smell in this test method because the test uses multiple assertion in the test. Total number of assertions in the test are: 2
.,org.java_websocket.autobahn,AutobahnServerResultsTest,test9_8_4,Assertion roulette,The tool detected the smell in this test method because the test uses multiple assertion in the test. Total number of assertions in the test are: 2
.,org.java_websocket.autobahn,AutobahnServerResultsTest,test9_8_5,Assertion roulette,The tool detected the smell in this test method because the test uses multiple assertion in the test. Total number of assertions in the test are: 2
.,org.java_websocket.autobahn,AutobahnServerResultsTest,test9_8_6,Assertion roulette,The tool detected the smell in this test method because the test uses multiple assertion in the test. Total number of assertions in the test are: 2
.,org.java_websocket.autobahn,AutobahnServerResultsTest,test10_1_1,Assertion roulette,The tool detected the smell in this test method because the test uses multiple assertion in the test. Total number of assertions in the test are: 2
.,org.java_websocket.issues,Issue580Test,runNoCloseBlockingTestScenario,Missing assertion,The tool detected the smell in this test method because the test doesn't have any assertion.
.,org.java_websocket.issues,Issue580Test,runCloseBlockingTestScenario,Missing assertion,The tool detected the smell in this test method because the test doesn't have any assertion.
.,org.java_websocket.issues,Issue598Test,runAboveLimitBytebuffer,Missing assertion,The tool detected the smell in this test method because the test doesn't have any assertion.
.,org.java_websocket.issues,Issue609Test,testIssue,Assertion roulette,The tool detected the smell in this test method because the test uses multiple assertion in the test. Total number of assertions in the test are: 4
.,org.java_websocket.issues,Issue666Test,testServer,Conditional test logic,The tool detected the smell in this test method because the test wraps the assert statements within control flow statements.
.,org.java_websocket.issues,Issue666Test,testClient,Conditional test logic,The tool detected the smell in this test method because the test wraps the assert statements within control flow statements.
.,org.java_websocket.issues,Issue677Test,testIssue,Assertion roulette,The tool detected the smell in this test method because the test uses multiple assertion in the test. Total number of assertions in the test are: 4
.,org.java_websocket.issues,Issue713Test,testIllegalArgument,Assertion roulette,The tool detected the smell in this test method because the test uses multiple assertion in the test. Total number of assertions in the test are: 2
.,org.java_websocket.issues,Issue765Test,testIssue,Assertion roulette,The tool detected the smell in this test method because the test uses multiple assertion in the test. Total number of assertions in the test are: 2
.,org.java_websocket.issues,Issue941Test,testIssue,Assertion roulette,The tool detected the smell in this test method because the test uses multiple assertion in the test. Total number of assertions in the test are: 2
