Project Name,Package Name,Type Name,NOF,NOPF,NOM,NOPM,LOC,WMC,NC,DIT,LCOM,FANIN,FANOUT,File path,Line no
.,(default package),ChatClient,8,0,8,8,117,15,0,0,0.25,0,3,C:\Users\NoteBook TANDIS\Documents\GitHub\Java-WebSocket\.\src\main\example\ChatClient.java,44
.,(default package),ChatServer,0,0,10,10,61,13,0,0,-1.0,5,3,C:\Users\NoteBook TANDIS\Documents\GitHub\Java-WebSocket\.\src\main\example\ChatServer.java,39
.,(default package),ChatServerAttachmentExample,1,0,9,9,54,12,0,0,1.0,0,2,C:\Users\NoteBook TANDIS\Documents\GitHub\Java-WebSocket\.\src\main\example\ChatServerAttachmentExample.java,36
.,(default package),CustomHeaderClientExample,0,0,1,1,30,1,0,0,-1.0,0,1,C:\Users\NoteBook TANDIS\Documents\GitHub\Java-WebSocket\.\src\main\example\CustomHeaderClientExample.java,31
.,(default package),ExampleClient,0,0,8,8,31,8,0,0,-1.0,4,2,C:\Users\NoteBook TANDIS\Documents\GitHub\Java-WebSocket\.\src\main\example\ExampleClient.java,33
.,(default package),FragmentedFramesExample,0,0,1,1,35,5,0,0,-1.0,0,2,C:\Users\NoteBook TANDIS\Documents\GitHub\Java-WebSocket\.\src\main\example\FragmentedFramesExample.java,36
.,(default package),PerMessageDeflateExample,2,0,0,0,39,0,0,0,-1.0,0,1,C:\Users\NoteBook TANDIS\Documents\GitHub\Java-WebSocket\.\src\main\example\PerMessageDeflateExample.java,14
.,(default package),PerMessageDeflateExample.DeflateClient,0,0,0,0,13,0,0,0,-1.0,0,0,C:\Users\NoteBook TANDIS\Documents\GitHub\Java-WebSocket\.\src\main\example\PerMessageDeflateExample.java,33
.,(default package),PerMessageDeflateExample.DeflateServer,0,0,0,0,15,0,0,0,-1.0,0,0,C:\Users\NoteBook TANDIS\Documents\GitHub\Java-WebSocket\.\src\main\example\PerMessageDeflateExample.java,56
.,(default package),ProxyClientExample,0,0,1,1,7,1,0,0,-1.0,0,1,C:\Users\NoteBook TANDIS\Documents\GitHub\Java-WebSocket\.\src\main\example\ProxyClientExample.java,31
.,(default package),ReconnectClientExample,0,0,1,1,21,1,0,0,-1.0,0,1,C:\Users\NoteBook TANDIS\Documents\GitHub\Java-WebSocket\.\src\main\example\ReconnectClientExample.java,29
.,(default package),SecWebSocketProtocolClientExample,0,0,1,1,14,1,0,0,-1.0,0,2,C:\Users\NoteBook TANDIS\Documents\GitHub\Java-WebSocket\.\src\main\example\SecWebSocketProtocolClientExample.java,35
.,(default package),SecWebSocketProtocolServerExample,0,0,1,1,14,1,0,0,-1.0,0,2,C:\Users\NoteBook TANDIS\Documents\GitHub\Java-WebSocket\.\src\main\example\SecWebSocketProtocolServerExample.java,34
.,(default package),ServerAdditionalHeaderExample,0,0,3,3,33,5,0,0,-1.0,0,4,C:\Users\NoteBook TANDIS\Documents\GitHub\Java-WebSocket\.\src\main\example\ServerAdditionalHeaderExample.java,36
.,(default package),ServerRejectHandshakeExample,0,0,3,3,46,10,0,0,-1.0,0,5,C:\Users\NoteBook TANDIS\Documents\GitHub\Java-WebSocket\.\src\main\example\ServerRejectHandshakeExample.java,37
.,(default package),ServerStressTest,16,0,14,14,176,20,0,0,0.2857142857142857,0,1,C:\Users\NoteBook TANDIS\Documents\GitHub\Java-WebSocket\.\src\main\example\ServerStressTest.java,49
.,(default package),WebSocketChatClient,0,0,5,5,17,5,0,0,-1.0,0,1,C:\Users\NoteBook TANDIS\Documents\GitHub\Java-WebSocket\.\src\main\example\SSLClientExample.java,40
.,(default package),WebSocketChatClient.SSLClientExample,0,0,0,0,35,0,0,0,-1.0,0,0,C:\Users\NoteBook TANDIS\Documents\GitHub\Java-WebSocket\.\src\main\example\SSLClientExample.java,72
.,(default package),SSLServerCustomWebsocketFactoryExample,0,0,1,1,29,1,0,0,-1.0,0,2,C:\Users\NoteBook TANDIS\Documents\GitHub\Java-WebSocket\.\src\main\example\SSLServerCustomWebsocketFactoryExample.java,39
.,(default package),SSLServerExample,0,0,1,1,21,1,0,0,-1.0,0,1,C:\Users\NoteBook TANDIS\Documents\GitHub\Java-WebSocket\.\src\main\example\SSLServerExample.java,37
.,(default package),SSLServerLetsEncryptExample,0,0,6,1,66,7,0,0,-1.0,0,1,C:\Users\NoteBook TANDIS\Documents\GitHub\Java-WebSocket\.\src\main\example\SSLServerLetsEncryptExample.java,47
.,(default package),TwoWaySSLServerExample,0,0,1,1,25,1,0,0,-1.0,0,1,C:\Users\NoteBook TANDIS\Documents\GitHub\Java-WebSocket\.\src\main\example\TwoWaySSLServerExample.java,38
.,org.java_websocket,AbstractWebSocket,9,0,13,7,221,26,0,2,0.23076923076923078,0,3,C:\Users\NoteBook TANDIS\Documents\GitHub\Java-WebSocket\.\src\main\java\org\java_websocket\AbstractWebSocket.java,40
.,org.java_websocket,AbstractWrappedByteChannel,1,0,11,11,53,14,0,1,0.0,0,1,C:\Users\NoteBook TANDIS\Documents\GitHub\Java-WebSocket\.\src\main\java\org\java_websocket\AbstractWrappedByteChannel.java,33
.,org.java_websocket,SocketChannelIOHelper,0,0,4,3,72,13,0,0,-1.0,1,3,C:\Users\NoteBook TANDIS\Documents\GitHub\Java-WebSocket\.\src\main\java\org\java_websocket\SocketChannelIOHelper.java,33
.,org.java_websocket,SSLSocketChannel,8,0,18,11,0,59,0,1,0.16666666666666666,0,1,C:\Users\NoteBook TANDIS\Documents\GitHub\Java-WebSocket\.\src\main\java\org\java_websocket\SSLSocketChannel.java,46
.,org.java_websocket,SSLSocketChannel2,14,0,28,17,360,74,0,1,0.0,0,0,C:\Users\NoteBook TANDIS\Documents\GitHub\Java-WebSocket\.\src\main\java\org\java_websocket\SSLSocketChannel2.java,53
.,org.java_websocket,WebSocket,0,0,26,0,149,26,1,0,-1.0,30,2,C:\Users\NoteBook TANDIS\Documents\GitHub\Java-WebSocket\.\src\main\java\org\java_websocket\WebSocket.java,39
.,org.java_websocket,WebSocketAdapter,1,0,6,6,46,7,1,1,1.0,4,6,C:\Users\NoteBook TANDIS\Documents\GitHub\Java-WebSocket\.\src\main\java\org\java_websocket\WebSocketAdapter.java,38
.,org.java_websocket,WebSocketFactory,0,0,2,0,16,2,1,0,-1.0,0,3,C:\Users\NoteBook TANDIS\Documents\GitHub\Java-WebSocket\.\src\main\java\org\java_websocket\WebSocketFactory.java,31
.,org.java_websocket,WebSocketImpl,24,5,56,45,0,117,0,1,0.10714285714285714,12,17,C:\Users\NoteBook TANDIS\Documents\GitHub\Java-WebSocket\.\src\main\java\org\java_websocket\WebSocketImpl.java,67
.,org.java_websocket,WebSocketListener,0,0,16,0,111,16,1,0,-1.0,1,6,C:\Users\NoteBook TANDIS\Documents\GitHub\Java-WebSocket\.\src\main\java\org\java_websocket\WebSocketListener.java,40
.,org.java_websocket,WebSocketServerFactory,0,0,4,0,19,4,0,1,-1.0,1,3,C:\Users\NoteBook TANDIS\Documents\GitHub\Java-WebSocket\.\src\main\java\org\java_websocket\WebSocketServerFactory.java,35
.,org.java_websocket,WrappedByteChannel,0,0,5,0,31,5,3,0,-1.0,3,0,C:\Users\NoteBook TANDIS\Documents\GitHub\Java-WebSocket\.\src\main\java\org\java_websocket\WrappedByteChannel.java,32
.,org.java_websocket,AllTests,0,0,0,0,2,0,0,0,-1.0,0,0,C:\Users\NoteBook TANDIS\Documents\GitHub\Java-WebSocket\.\src\test\java\org\java_websocket\AllTests.java,32
.,org.java_websocket.client,DnsResolver,0,0,1,0,13,1,0,0,-1.0,1,0,C:\Users\NoteBook TANDIS\Documents\GitHub\Java-WebSocket\.\src\main\java\org\java_websocket\client\DnsResolver.java,32
.,org.java_websocket.client,WebSocketClient,15,0,74,66,711,108,0,0,0.14864864864864866,29,10,C:\Users\NoteBook TANDIS\Documents\GitHub\Java-WebSocket\.\src\main\java\org\java_websocket\client\WebSocketClient.java,69
.,org.java_websocket.client,WebSocketClient.WebsocketWriteThread,1,0,0,0,52,0,0,0,-1.0,0,1,C:\Users\NoteBook TANDIS\Documents\GitHub\Java-WebSocket\.\src\main\java\org\java_websocket\client\WebSocketClient.java,787
.,org.java_websocket.client,AllClientTests,0,0,0,0,2,0,0,0,-1.0,0,0,C:\Users\NoteBook TANDIS\Documents\GitHub\Java-WebSocket\.\src\test\java\org\java_websocket\client\AllClientTests.java,32
.,org.java_websocket.client,AttachmentTest,0,0,10,10,34,10,0,0,-1.0,0,2,C:\Users\NoteBook TANDIS\Documents\GitHub\Java-WebSocket\.\src\test\java\org\java_websocket\client\AttachmentTest.java,36
.,org.java_websocket.client,HeadersTest,0,0,15,15,55,15,0,0,-1.0,0,2,C:\Users\NoteBook TANDIS\Documents\GitHub\Java-WebSocket\.\src\test\java\org\java_websocket\client\HeadersTest.java,38
.,org.java_websocket.client,SchemaCheckTest,0,0,9,9,39,12,0,0,-1.0,0,1,C:\Users\NoteBook TANDIS\Documents\GitHub\Java-WebSocket\.\src\test\java\org\java_websocket\client\SchemaCheckTest.java,11
.,org.java_websocket.drafts,Draft,2,0,29,25,239,53,1,0,0.7241379310344828,20,13,C:\Users\NoteBook TANDIS\Documents\GitHub\Java-WebSocket\.\src\main\java\org\java_websocket\drafts\Draft.java,57
.,org.java_websocket.drafts,Draft_6455,20,0,52,26,0,157,0,1,0.15384615384615385,6,21,C:\Users\NoteBook TANDIS\Documents\GitHub\Java-WebSocket\.\src\main\java\org\java_websocket\drafts\Draft_6455.java,72
.,org.java_websocket.drafts,Draft_6455.TranslatedPayloadMetaData,2,0,0,0,14,0,0,0,-1.0,0,0,C:\Users\NoteBook TANDIS\Documents\GitHub\Java-WebSocket\.\src\main\java\org\java_websocket\drafts\Draft_6455.java,1195
.,org.java_websocket.drafts,AllDraftTests,0,0,0,0,2,0,0,0,-1.0,0,0,C:\Users\NoteBook TANDIS\Documents\GitHub\Java-WebSocket\.\src\test\java\org\java_websocket\drafts\AllDraftTests.java,32
.,org.java_websocket.drafts,Draft_6455Test,4,0,18,18,431,18,0,0,0.5555555555555556,0,9,C:\Users\NoteBook TANDIS\Documents\GitHub\Java-WebSocket\.\src\test\java\org\java_websocket\drafts\Draft_6455Test.java,54
.,org.java_websocket.drafts,Draft_6455Test.TestExtension,0,0,0,0,17,0,0,0,-1.0,0,0,C:\Users\NoteBook TANDIS\Documents\GitHub\Java-WebSocket\.\src\test\java\org\java_websocket\drafts\Draft_6455Test.java,555
.,org.java_websocket.enums,CloseHandshakeType,0,0,0,0,4,0,0,0,-1.0,3,0,C:\Users\NoteBook TANDIS\Documents\GitHub\Java-WebSocket\.\src\main\java\org\java_websocket\enums\CloseHandshakeType.java,3
.,org.java_websocket.enums,HandshakeState,0,0,0,0,10,0,0,0,-1.0,3,0,C:\Users\NoteBook TANDIS\Documents\GitHub\Java-WebSocket\.\src\main\java\org\java_websocket\enums\HandshakeState.java,3
.,org.java_websocket.enums,Opcode,0,0,0,0,4,0,0,0,-1.0,24,0,C:\Users\NoteBook TANDIS\Documents\GitHub\Java-WebSocket\.\src\main\java\org\java_websocket\enums\Opcode.java,3
.,org.java_websocket.enums,ReadyState,0,0,0,0,4,0,0,0,-1.0,2,0,C:\Users\NoteBook TANDIS\Documents\GitHub\Java-WebSocket\.\src\main\java\org\java_websocket\enums\ReadyState.java,3
.,org.java_websocket.enums,Role,0,0,0,0,4,0,0,0,-1.0,4,0,C:\Users\NoteBook TANDIS\Documents\GitHub\Java-WebSocket\.\src\main\java\org\java_websocket\enums\Role.java,3
.,org.java_websocket.exceptions,IncompleteException,2,0,2,2,27,2,0,0,0.0,1,0,C:\Users\NoteBook TANDIS\Documents\GitHub\Java-WebSocket\.\src\main\java\org\java_websocket\exceptions\IncompleteException.java,28
.,org.java_websocket.exceptions,IncompleteHandshakeException,2,0,3,3,33,3,0,0,0.0,1,0,C:\Users\NoteBook TANDIS\Documents\GitHub\Java-WebSocket\.\src\main\java\org\java_websocket\exceptions\IncompleteHandshakeException.java,28
.,org.java_websocket.exceptions,InvalidDataException,2,0,5,5,55,5,3,0,0.0,2,0,C:\Users\NoteBook TANDIS\Documents\GitHub\Java-WebSocket\.\src\main\java\org\java_websocket\exceptions\InvalidDataException.java,28
.,org.java_websocket.exceptions,InvalidEncodingException,1,0,2,2,27,3,0,0,0.0,1,0,C:\Users\NoteBook TANDIS\Documents\GitHub\Java-WebSocket\.\src\main\java\org\java_websocket\exceptions\InvalidEncodingException.java,5
.,org.java_websocket.exceptions,InvalidFrameException,1,0,4,4,37,4,0,1,1.0,1,1,C:\Users\NoteBook TANDIS\Documents\GitHub\Java-WebSocket\.\src\main\java\org\java_websocket\exceptions\InvalidFrameException.java,30
.,org.java_websocket.exceptions,InvalidHandshakeException,1,0,4,4,37,4,0,1,1.0,1,1,C:\Users\NoteBook TANDIS\Documents\GitHub\Java-WebSocket\.\src\main\java\org\java_websocket\exceptions\InvalidHandshakeException.java,30
.,org.java_websocket.exceptions,LimitExceededException,2,0,5,5,50,5,0,1,0.6,1,1,C:\Users\NoteBook TANDIS\Documents\GitHub\Java-WebSocket\.\src\main\java\org\java_websocket\exceptions\LimitExceededException.java,30
.,org.java_websocket.exceptions,NotSendableException,1,0,3,3,31,3,0,0,1.0,1,0,C:\Users\NoteBook TANDIS\Documents\GitHub\Java-WebSocket\.\src\main\java\org\java_websocket\exceptions\NotSendableException.java,28
.,org.java_websocket.exceptions,WebsocketNotConnectedException,1,0,0,0,9,0,0,0,-1.0,1,0,C:\Users\NoteBook TANDIS\Documents\GitHub\Java-WebSocket\.\src\main\java\org\java_websocket\exceptions\WebsocketNotConnectedException.java,28
.,org.java_websocket.exceptions,WrappedIOException,2,0,3,3,37,3,0,0,0.0,0,1,C:\Users\NoteBook TANDIS\Documents\GitHub\Java-WebSocket\.\src\main\java\org\java_websocket\exceptions\WrappedIOException.java,32
.,org.java_websocket.exceptions,AllExceptionsTests,0,0,0,0,2,0,0,0,-1.0,0,0,C:\Users\NoteBook TANDIS\Documents\GitHub\Java-WebSocket\.\src\test\java\org\java_websocket\exceptions\AllExceptionsTests.java,33
.,org.java_websocket.exceptions,IncompleteExceptionTest,0,0,1,1,9,1,0,0,-1.0,0,1,C:\Users\NoteBook TANDIS\Documents\GitHub\Java-WebSocket\.\src\test\java\org\java_websocket\exceptions\IncompleteExceptionTest.java,32
.,org.java_websocket.exceptions,IncompleteHandshakeExceptionTest,0,0,1,1,11,1,0,0,-1.0,0,1,C:\Users\NoteBook TANDIS\Documents\GitHub\Java-WebSocket\.\src\test\java\org\java_websocket\exceptions\IncompleteHandshakeExceptionTest.java,32
.,org.java_websocket.exceptions,InvalidDataExceptionTest,0,0,1,1,20,1,0,0,-1.0,0,1,C:\Users\NoteBook TANDIS\Documents\GitHub\Java-WebSocket\.\src\test\java\org\java_websocket\exceptions\InvalidDataExceptionTest.java,32
.,org.java_websocket.exceptions,InvalidEncodingExceptionTest,0,0,1,1,16,1,0,0,-1.0,0,1,C:\Users\NoteBook TANDIS\Documents\GitHub\Java-WebSocket\.\src\test\java\org\java_websocket\exceptions\InvalidEncodingExceptionTest.java,34
.,org.java_websocket.exceptions,InvalidFrameExceptionTest,0,0,2,2,24,2,0,0,-1.0,0,2,C:\Users\NoteBook TANDIS\Documents\GitHub\Java-WebSocket\.\src\test\java\org\java_websocket\exceptions\InvalidFrameExceptionTest.java,33
.,org.java_websocket.exceptions,InvalidHandshakeExceptionTest,0,0,2,2,24,2,0,0,-1.0,0,2,C:\Users\NoteBook TANDIS\Documents\GitHub\Java-WebSocket\.\src\test\java\org\java_websocket\exceptions\InvalidHandshakeExceptionTest.java,33
.,org.java_websocket.exceptions,LimitExceededExceptionTest,0,0,2,2,17,2,0,0,-1.0,0,2,C:\Users\NoteBook TANDIS\Documents\GitHub\Java-WebSocket\.\src\test\java\org\java_websocket\exceptions\LimitExceededExceptionTest.java,33
.,org.java_websocket.exceptions,NotSendableExceptionTest,0,0,1,1,15,1,0,0,-1.0,0,1,C:\Users\NoteBook TANDIS\Documents\GitHub\Java-WebSocket\.\src\test\java\org\java_websocket\exceptions\NotSendableExceptionTest.java,32
.,org.java_websocket.exceptions,WebsocketNotConnectedExceptionTest,0,0,1,1,9,1,0,0,-1.0,0,1,C:\Users\NoteBook TANDIS\Documents\GitHub\Java-WebSocket\.\src\test\java\org\java_websocket\exceptions\WebsocketNotConnectedExceptionTest.java,32
.,org.java_websocket.extensions,CompressionExtension,0,0,1,1,14,3,1,2,-1.0,0,1,C:\Users\NoteBook TANDIS\Documents\GitHub\Java-WebSocket\.\src\main\java\org\java_websocket\extensions\CompressionExtension.java,34
.,org.java_websocket.extensions,DefaultExtension,0,0,12,12,41,13,1,1,-1.0,2,2,C:\Users\NoteBook TANDIS\Documents\GitHub\Java-WebSocket\.\src\main\java\org\java_websocket\extensions\DefaultExtension.java,32
.,org.java_websocket.extensions,ExtensionRequestData,3,1,4,3,32,7,0,0,0.0,1,0,C:\Users\NoteBook TANDIS\Documents\GitHub\Java-WebSocket\.\src\main\java\org\java_websocket\extensions\ExtensionRequestData.java,6
.,org.java_websocket.extensions,IExtension,0,0,10,0,69,10,1,0,-1.0,4,1,C:\Users\NoteBook TANDIS\Documents\GitHub\Java-WebSocket\.\src\main\java\org\java_websocket\extensions\IExtension.java,31
.,org.java_websocket.extensions,AllExtensionTests,0,0,0,0,2,0,0,0,-1.0,0,0,C:\Users\NoteBook TANDIS\Documents\GitHub\Java-WebSocket\.\src\test\java\org\java_websocket\extensions\AllExtensionTests.java,32
.,org.java_websocket.extensions,CompressionExtensionTest,0,0,1,1,67,1,0,0,-1.0,0,2,C:\Users\NoteBook TANDIS\Documents\GitHub\Java-WebSocket\.\src\test\java\org\java_websocket\extensions\CompressionExtensionTest.java,9
.,org.java_websocket.extensions,CompressionExtensionTest.CustomCompressionExtension,0,0,0,0,2,0,0,3,-1.0,0,0,C:\Users\NoteBook TANDIS\Documents\GitHub\Java-WebSocket\.\src\test\java\org\java_websocket\extensions\CompressionExtensionTest.java,74
.,org.java_websocket.extensions,DefaultExtensionTest,0,0,11,11,94,11,0,0,-1.0,0,4,C:\Users\NoteBook TANDIS\Documents\GitHub\Java-WebSocket\.\src\test\java\org\java_websocket\extensions\DefaultExtensionTest.java,38
.,org.java_websocket.extensions,PerMessageDeflateExtensionTest,0,0,19,19,154,19,0,0,-1.0,0,4,C:\Users\NoteBook TANDIS\Documents\GitHub\Java-WebSocket\.\src\test\java\org\java_websocket\extensions\PerMessageDeflateExtensionTest.java,19
.,org.java_websocket.extensions.permessage_deflate,PerMessageDeflateExtension,15,0,21,19,222,44,0,0,0.19047619047619047,2,4,C:\Users\NoteBook TANDIS\Documents\GitHub\Java-WebSocket\.\src\main\java\org\java_websocket\extensions\permessage_deflate\PerMessageDeflateExtension.java,24
.,org.java_websocket.framing,BinaryFrame,0,0,1,1,11,1,0,3,-1.0,5,1,C:\Users\NoteBook TANDIS\Documents\GitHub\Java-WebSocket\.\src\main\java\org\java_websocket\framing\BinaryFrame.java,30
.,org.java_websocket.framing,CloseFrame,20,18,13,11,240,27,0,3,0.0,21,3,C:\Users\NoteBook TANDIS\Documents\GitHub\Java-WebSocket\.\src\main\java\org\java_websocket\framing\CloseFrame.java,35
.,org.java_websocket.framing,ContinuousFrame,0,0,1,1,11,1,0,3,-1.0,2,1,C:\Users\NoteBook TANDIS\Documents\GitHub\Java-WebSocket\.\src\main\java\org\java_websocket\framing\ContinuousFrame.java,30
.,org.java_websocket.framing,ControlFrame,0,0,2,2,26,6,3,2,-1.0,0,1,C:\Users\NoteBook TANDIS\Documents\GitHub\Java-WebSocket\.\src\main\java\org\java_websocket\framing\ControlFrame.java,32
.,org.java_websocket.framing,DataFrame,0,0,2,2,14,2,3,2,-1.0,1,1,C:\Users\NoteBook TANDIS\Documents\GitHub\Java-WebSocket\.\src\main\java\org\java_websocket\framing\DataFrame.java,31
.,org.java_websocket.framing,Framedata,0,0,8,0,45,8,1,0,-1.0,13,0,C:\Users\NoteBook TANDIS\Documents\GitHub\Java-WebSocket\.\src\main\java\org\java_websocket\framing\Framedata.java,31
.,org.java_websocket.framing,FramedataImpl1,7,0,20,20,0,37,2,1,0.15,2,3,C:\Users\NoteBook TANDIS\Documents\GitHub\Java-WebSocket\.\src\main\java\org\java_websocket\framing\FramedataImpl1.java,33
.,org.java_websocket.framing,PingFrame,0,0,1,1,11,1,0,3,-1.0,7,1,C:\Users\NoteBook TANDIS\Documents\GitHub\Java-WebSocket\.\src\main\java\org\java_websocket\framing\PingFrame.java,30
.,org.java_websocket.framing,PongFrame,0,0,2,2,19,2,0,3,-1.0,1,2,C:\Users\NoteBook TANDIS\Documents\GitHub\Java-WebSocket\.\src\main\java\org\java_websocket\framing\PongFrame.java,30
.,org.java_websocket.framing,TextFrame,0,0,2,2,17,3,0,3,-1.0,6,3,C:\Users\NoteBook TANDIS\Documents\GitHub\Java-WebSocket\.\src\main\java\org\java_websocket\framing\TextFrame.java,32
.,org.java_websocket.framing,AllFramingTests,0,0,0,0,2,0,0,0,-1.0,0,0,C:\Users\NoteBook TANDIS\Documents\GitHub\Java-WebSocket\.\src\test\java\org\java_websocket\framing\AllFramingTests.java,33
.,org.java_websocket.framing,BinaryFrameTest,0,0,3,3,34,3,0,0,-1.0,0,2,C:\Users\NoteBook TANDIS\Documents\GitHub\Java-WebSocket\.\src\test\java\org\java_websocket\framing\BinaryFrameTest.java,35
.,org.java_websocket.framing,CloseFrameTest,0,0,4,4,215,4,0,0,-1.0,0,2,C:\Users\NoteBook TANDIS\Documents\GitHub\Java-WebSocket\.\src\test\java\org\java_websocket\framing\CloseFrameTest.java,35
.,org.java_websocket.framing,ContinuousFrameTest,0,0,3,3,34,3,0,0,-1.0,0,2,C:\Users\NoteBook TANDIS\Documents\GitHub\Java-WebSocket\.\src\test\java\org\java_websocket\framing\ContinuousFrameTest.java,35
.,org.java_websocket.framing,FramedataImpl1Test,0,0,4,4,61,4,0,0,-1.0,0,2,C:\Users\NoteBook TANDIS\Documents\GitHub\Java-WebSocket\.\src\test\java\org\java_websocket\framing\FramedataImpl1Test.java,36
.,org.java_websocket.framing,PingFrameTest,0,0,3,3,65,3,0,0,-1.0,0,2,C:\Users\NoteBook TANDIS\Documents\GitHub\Java-WebSocket\.\src\test\java\org\java_websocket\framing\PingFrameTest.java,35
.,org.java_websocket.framing,PongFrameTest,0,0,4,4,71,4,0,0,-1.0,0,3,C:\Users\NoteBook TANDIS\Documents\GitHub\Java-WebSocket\.\src\test\java\org\java_websocket\framing\PongFrameTest.java,36
.,org.java_websocket.framing,TextFrameTest,0,0,3,3,42,3,0,0,-1.0,0,2,C:\Users\NoteBook TANDIS\Documents\GitHub\Java-WebSocket\.\src\test\java\org\java_websocket\framing\TextFrameTest.java,36
.,org.java_websocket.handshake,ClientHandshake,0,0,1,0,10,1,1,1,-1.0,29,0,C:\Users\NoteBook TANDIS\Documents\GitHub\Java-WebSocket\.\src\main\java\org\java_websocket\handshake\ClientHandshake.java,28
.,org.java_websocket.handshake,ClientHandshakeBuilder,0,0,1,0,10,1,1,2,-1.0,3,0,C:\Users\NoteBook TANDIS\Documents\GitHub\Java-WebSocket\.\src\main\java\org\java_websocket\handshake\ClientHandshakeBuilder.java,28
.,org.java_websocket.handshake,HandshakeBuilder,0,0,2,0,16,2,3,1,-1.0,1,0,C:\Users\NoteBook TANDIS\Documents\GitHub\Java-WebSocket\.\src\main\java\org\java_websocket\handshake\HandshakeBuilder.java,28
.,org.java_websocket.handshake,Handshakedata,0,0,4,0,27,4,3,0,-1.0,5,0,C:\Users\NoteBook TANDIS\Documents\GitHub\Java-WebSocket\.\src\main\java\org\java_websocket\handshake\Handshakedata.java,30
.,org.java_websocket.handshake,HandshakedataImpl1,2,0,7,7,41,8,2,2,0.2857142857142857,0,0,C:\Users\NoteBook TANDIS\Documents\GitHub\Java-WebSocket\.\src\main\java\org\java_websocket\handshake\HandshakedataImpl1.java,32
.,org.java_websocket.handshake,HandshakeImpl1Client,1,0,2,2,18,3,0,3,0.0,2,0,C:\Users\NoteBook TANDIS\Documents\GitHub\Java-WebSocket\.\src\main\java\org\java_websocket\handshake\HandshakeImpl1Client.java,28
.,org.java_websocket.handshake,HandshakeImpl1Server,2,0,4,4,25,4,0,3,0.5,1,0,C:\Users\NoteBook TANDIS\Documents\GitHub\Java-WebSocket\.\src\main\java\org\java_websocket\handshake\HandshakeImpl1Server.java,28
.,org.java_websocket.handshake,ServerHandshake,0,0,2,0,15,2,1,1,-1.0,33,0,C:\Users\NoteBook TANDIS\Documents\GitHub\Java-WebSocket\.\src\main\java\org\java_websocket\handshake\ServerHandshake.java,28
.,org.java_websocket.handshake,ServerHandshakeBuilder,0,0,2,0,15,2,1,2,-1.0,5,0,C:\Users\NoteBook TANDIS\Documents\GitHub\Java-WebSocket\.\src\main\java\org\java_websocket\handshake\ServerHandshakeBuilder.java,28
.,org.java_websocket.interfaces,ISSLChannel,0,0,1,0,11,1,0,0,-1.0,0,0,C:\Users\NoteBook TANDIS\Documents\GitHub\Java-WebSocket\.\src\main\java\org\java_websocket\interfaces\ISSLChannel.java,31
.,org.java_websocket.protocols,IProtocol,0,0,4,0,31,4,1,0,-1.0,3,0,C:\Users\NoteBook TANDIS\Documents\GitHub\Java-WebSocket\.\src\main\java\org\java_websocket\protocols\IProtocol.java,28
.,org.java_websocket.protocols,Protocol,3,0,7,7,57,13,0,1,0.0,1,1,C:\Users\NoteBook TANDIS\Documents\GitHub\Java-WebSocket\.\src\main\java\org\java_websocket\protocols\Protocol.java,30
.,org.java_websocket.protocols,AllProtocolTests,0,0,0,0,2,0,0,0,-1.0,0,0,C:\Users\NoteBook TANDIS\Documents\GitHub\Java-WebSocket\.\src\test\java\org\java_websocket\protocols\AllProtocolTests.java,32
.,org.java_websocket.protocols,ProtocolHandshakeRejectionTest,4,0,41,38,0,259,0,0,0.14634146341463414,0,7,C:\Users\NoteBook TANDIS\Documents\GitHub\Java-WebSocket\.\src\test\java\org\java_websocket\protocols\ProtocolHandshakeRejectionTest.java,54
.,org.java_websocket.protocols,ProtocolTest,0,0,7,7,64,7,0,0,-1.0,0,2,C:\Users\NoteBook TANDIS\Documents\GitHub\Java-WebSocket\.\src\test\java\org\java_websocket\protocols\ProtocolTest.java,36
.,org.java_websocket.server,CustomSSLWebSocketServerFactory,2,0,3,3,45,5,0,1,0.0,2,0,C:\Users\NoteBook TANDIS\Documents\GitHub\Java-WebSocket\.\src\main\java\org\java_websocket\server\CustomSSLWebSocketServerFactory.java,38
.,org.java_websocket.server,DefaultSSLWebSocketServerFactory,2,0,6,6,31,7,2,0,0.6666666666666666,1,2,C:\Users\NoteBook TANDIS\Documents\GitHub\Java-WebSocket\.\src\main\java\org\java_websocket\server\DefaultSSLWebSocketServerFactory.java,45
.,org.java_websocket.server,DefaultWebSocketServerFactory,0,0,4,4,13,4,0,0,-1.0,4,2,C:\Users\NoteBook TANDIS\Documents\GitHub\Java-WebSocket\.\src\main\java\org\java_websocket\server\DefaultWebSocketServerFactory.java,36
.,org.java_websocket.server,SSLParametersWebSocketServerFactory,1,0,3,3,33,4,0,1,0.0,1,0,C:\Users\NoteBook TANDIS\Documents\GitHub\Java-WebSocket\.\src\main\java\org\java_websocket\server\SSLParametersWebSocketServerFactory.java,39
.,org.java_websocket.server,WebSocketServer,17,0,64,44,861,128,1,0,0.125,23,9,C:\Users\NoteBook TANDIS\Documents\GitHub\Java-WebSocket\.\src\main\java\org\java_websocket\server\WebSocketServer.java,73
.,org.java_websocket.server,WebSocketServer.WebSocketWorker,1,0,0,0,65,0,0,0,-1.0,0,0,C:\Users\NoteBook TANDIS\Documents\GitHub\Java-WebSocket\.\src\main\java\org\java_websocket\server\WebSocketServer.java,1055
.,org.java_websocket.server,AllServerTests,0,0,0,0,2,0,0,0,-1.0,0,0,C:\Users\NoteBook TANDIS\Documents\GitHub\Java-WebSocket\.\src\test\java\org\java_websocket\server\AllServerTests.java,33
.,org.java_websocket.server,CustomSSLWebSocketServerFactoryTest,1,0,4,4,107,4,0,0,1.0,0,3,C:\Users\NoteBook TANDIS\Documents\GitHub\Java-WebSocket\.\src\test\java\org\java_websocket\server\CustomSSLWebSocketServerFactoryTest.java,24
.,org.java_websocket.server,CustomSSLWebSocketServerFactoryTest.CustomWebSocketAdapter,0,0,0,0,24,0,0,0,-1.0,0,0,C:\Users\NoteBook TANDIS\Documents\GitHub\Java-WebSocket\.\src\test\java\org\java_websocket\server\CustomSSLWebSocketServerFactoryTest.java,120
.,org.java_websocket.server,DefaultSSLWebSocketServerFactoryTest,0,0,4,4,80,4,0,0,-1.0,0,3,C:\Users\NoteBook TANDIS\Documents\GitHub\Java-WebSocket\.\src\test\java\org\java_websocket\server\DefaultSSLWebSocketServerFactoryTest.java,24
.,org.java_websocket.server,DefaultSSLWebSocketServerFactoryTest.CustomWebSocketAdapter,0,0,0,0,24,0,0,0,-1.0,0,0,C:\Users\NoteBook TANDIS\Documents\GitHub\Java-WebSocket\.\src\test\java\org\java_websocket\server\DefaultSSLWebSocketServerFactoryTest.java,90
.,org.java_websocket.server,DefaultWebSocketServerFactoryTest,0,0,3,3,44,3,0,0,-1.0,0,2,C:\Users\NoteBook TANDIS\Documents\GitHub\Java-WebSocket\.\src\test\java\org\java_websocket\server\DefaultWebSocketServerFactoryTest.java,19
.,org.java_websocket.server,DefaultWebSocketServerFactoryTest.CustomWebSocketAdapter,0,0,0,0,24,0,0,0,-1.0,0,0,C:\Users\NoteBook TANDIS\Documents\GitHub\Java-WebSocket\.\src\test\java\org\java_websocket\server\DefaultWebSocketServerFactoryTest.java,47
.,org.java_websocket.server,SSLParametersWebSocketServerFactoryTest,0,0,4,4,74,4,0,0,-1.0,0,3,C:\Users\NoteBook TANDIS\Documents\GitHub\Java-WebSocket\.\src\test\java\org\java_websocket\server\SSLParametersWebSocketServerFactoryTest.java,25
.,org.java_websocket.server,SSLParametersWebSocketServerFactoryTest.CustomWebSocketAdapter,0,0,0,0,24,0,0,0,-1.0,0,0,C:\Users\NoteBook TANDIS\Documents\GitHub\Java-WebSocket\.\src\test\java\org\java_websocket\server\SSLParametersWebSocketServerFactoryTest.java,85
.,org.java_websocket.server,WebSocketServerTest,1,0,6,6,158,6,0,0,1.0,0,2,C:\Users\NoteBook TANDIS\Documents\GitHub\Java-WebSocket\.\src\test\java\org\java_websocket\server\WebSocketServerTest.java,48
.,org.java_websocket.server,WebSocketServerTest.MyWebSocketServer,1,0,0,0,27,0,0,1,-1.0,0,0,C:\Users\NoteBook TANDIS\Documents\GitHub\Java-WebSocket\.\src\test\java\org\java_websocket\server\WebSocketServerTest.java,200
.,org.java_websocket.util,Base64,27,6,9,3,0,35,0,0,0.2222222222222222,4,0,C:\Users\NoteBook TANDIS\Documents\GitHub\Java-WebSocket\.\src\main\java\org\java_websocket\util\Base64.java,28
.,org.java_websocket.util,Base64.OutputStream,10,0,0,0,123,0,0,0,-1.0,0,0,C:\Users\NoteBook TANDIS\Documents\GitHub\Java-WebSocket\.\src\main\java\org\java_websocket\util\Base64.java,874
.,org.java_websocket.util,ByteBufferUtils,0,0,3,2,40,5,0,0,-1.0,4,0,C:\Users\NoteBook TANDIS\Documents\GitHub\Java-WebSocket\.\src\main\java\org\java_websocket\util\ByteBufferUtils.java,30
.,org.java_websocket.util,Charsetfunctions,2,0,9,8,70,12,0,0,0.7777777777777778,10,1,C:\Users\NoteBook TANDIS\Documents\GitHub\Java-WebSocket\.\src\main\java\org\java_websocket\util\Charsetfunctions.java,36
.,org.java_websocket.util,NamedThreadFactory,3,0,2,2,13,2,0,0,0.0,0,0,C:\Users\NoteBook TANDIS\Documents\GitHub\Java-WebSocket\.\src\main\java\org\java_websocket\util\NamedThreadFactory.java,32
.,org.java_websocket.util,Base64Test,1,1,9,8,49,9,0,0,0.4444444444444444,0,1,C:\Users\NoteBook TANDIS\Documents\GitHub\Java-WebSocket\.\src\test\java\org\java_websocket\util\Base64Test.java,34
.,org.java_websocket.util,ByteBufferUtilsTest,2,0,8,8,81,8,0,0,0.5,0,1,C:\Users\NoteBook TANDIS\Documents\GitHub\Java-WebSocket\.\src\test\java\org\java_websocket\util\ByteBufferUtilsTest.java,36
.,org.java_websocket.util,CharsetfunctionsTest,0,0,7,7,26,7,0,0,-1.0,0,1,C:\Users\NoteBook TANDIS\Documents\GitHub\Java-WebSocket\.\src\test\java\org\java_websocket\util\CharsetfunctionsTest.java,33
.,org.java_websocket.util,KeyUtils,0,0,2,2,22,2,0,0,-1.0,1,1,C:\Users\NoteBook TANDIS\Documents\GitHub\Java-WebSocket\.\src\test\java\org\java_websocket\util\KeyUtils.java,32
.,org.java_websocket.util,SocketUtil,0,0,1,1,14,2,0,0,-1.0,28,0,C:\Users\NoteBook TANDIS\Documents\GitHub\Java-WebSocket\.\src\test\java\org\java_websocket\util\SocketUtil.java,31
.,org.java_websocket.util,SSLContextUtil,0,0,2,2,36,2,0,0,-1.0,5,0,C:\Users\NoteBook TANDIS\Documents\GitHub\Java-WebSocket\.\src\test\java\org\java_websocket\util\SSLContextUtil.java,43
.,org.java_websocket.util,ThreadCheck,1,0,5,1,53,12,0,0,0.0,5,0,C:\Users\NoteBook TANDIS\Documents\GitHub\Java-WebSocket\.\src\test\java\org\java_websocket\util\ThreadCheck.java,34
.,org.java_websocket.autobahn,AutobahnServerResultsTest,1,0,303,303,1824,304,0,0,0.0,0,0,C:\Users\NoteBook TANDIS\Documents\GitHub\Java-WebSocket\.\src\test\java\org\java_websocket\autobahn\AutobahnServerResultsTest.java,38
.,org.java_websocket.example,AutobahnClientTest,0,0,7,7,129,18,0,0,-1.0,0,2,C:\Users\NoteBook TANDIS\Documents\GitHub\Java-WebSocket\.\src\test\java\org\java_websocket\example\AutobahnClientTest.java,38
.,org.java_websocket.example,AutobahnServerTest,3,0,9,9,58,10,0,0,0.8888888888888888,0,4,C:\Users\NoteBook TANDIS\Documents\GitHub\Java-WebSocket\.\src\test\java\org\java_websocket\example\AutobahnServerTest.java,39
.,org.java_websocket.example,AutobahnSSLServerTest,1,0,9,9,62,9,0,0,1.0,0,3,C:\Users\NoteBook TANDIS\Documents\GitHub\Java-WebSocket\.\src\test\java\org\java_websocket\example\AutobahnSSLServerTest.java,46
.,org.java_websocket.issues,AllIssueTests,0,0,0,0,2,0,0,0,-1.0,0,0,C:\Users\NoteBook TANDIS\Documents\GitHub\Java-WebSocket\.\src\test\java\org\java_websocket\issues\AllIssueTests.java,32
.,org.java_websocket.issues,Issue1142Test,1,0,10,10,75,10,0,0,1.0,0,5,C:\Users\NoteBook TANDIS\Documents\GitHub\Java-WebSocket\.\src\test\java\org\java_websocket\issues\Issue1142Test.java,28
.,org.java_websocket.issues,Issue1142Test.MyWebSocketServer,1,0,0,0,19,0,0,0,-1.0,0,0,C:\Users\NoteBook TANDIS\Documents\GitHub\Java-WebSocket\.\src\test\java\org\java_websocket\issues\Issue1142Test.java,105
.,org.java_websocket.issues,Issue1160Test,2,0,14,14,93,15,0,0,0.7857142857142857,0,5,C:\Users\NoteBook TANDIS\Documents\GitHub\Java-WebSocket\.\src\test\java\org\java_websocket\issues\Issue1160Test.java,18
.,org.java_websocket.issues,Issue1160Test.TestClient,1,0,0,0,16,0,0,0,-1.0,0,0,C:\Users\NoteBook TANDIS\Documents\GitHub\Java-WebSocket\.\src\test\java\org\java_websocket\issues\Issue1160Test.java,21
.,org.java_websocket.issues,Issue1203Test,3,0,11,11,57,11,0,0,0.7272727272727273,0,6,C:\Users\NoteBook TANDIS\Documents\GitHub\Java-WebSocket\.\src\test\java\org\java_websocket\issues\Issue1203Test.java,21
.,org.java_websocket.issues,Issue256Test,6,2,15,14,78,17,0,0,0.6666666666666666,0,7,C:\Users\NoteBook TANDIS\Documents\GitHub\Java-WebSocket\.\src\test\java\org\java_websocket\issues\Issue256Test.java,52
.,org.java_websocket.issues,Issue580Test,3,2,13,12,56,15,0,0,0.8461538461538461,0,7,C:\Users\NoteBook TANDIS\Documents\GitHub\Java-WebSocket\.\src\test\java\org\java_websocket\issues\Issue580Test.java,46
.,org.java_websocket.issues,Issue598Test,2,0,19,18,140,49,0,0,0.5789473684210527,0,9,C:\Users\NoteBook TANDIS\Documents\GitHub\Java-WebSocket\.\src\test\java\org\java_websocket\issues\Issue598Test.java,49
.,org.java_websocket.issues,Issue609Test,4,0,10,10,47,10,0,0,0.7,0,6,C:\Users\NoteBook TANDIS\Documents\GitHub\Java-WebSocket\.\src\test\java\org\java_websocket\issues\Issue609Test.java,41
.,org.java_websocket.issues,Issue621Test,3,0,10,10,51,10,0,0,0.8,0,6,C:\Users\NoteBook TANDIS\Documents\GitHub\Java-WebSocket\.\src\test\java\org\java_websocket\issues\Issue621Test.java,43
.,org.java_websocket.issues,Issue621Test.TestPrintStream,0,0,0,0,9,0,0,0,-1.0,0,0,C:\Users\NoteBook TANDIS\Documents\GitHub\Java-WebSocket\.\src\test\java\org\java_websocket\issues\Issue621Test.java,50
.,org.java_websocket.issues,Issue661Test,4,1,11,11,63,13,0,0,0.8181818181818182,0,5,C:\Users\NoteBook TANDIS\Documents\GitHub\Java-WebSocket\.\src\test\java\org\java_websocket\issues\Issue661Test.java,43
.,org.java_websocket.issues,Issue666Test,1,0,16,16,78,22,0,0,0.8125,0,7,C:\Users\NoteBook TANDIS\Documents\GitHub\Java-WebSocket\.\src\test\java\org\java_websocket\issues\Issue666Test.java,42
.,org.java_websocket.issues,Issue677Test,2,0,14,14,56,14,0,0,0.8571428571428571,0,7,C:\Users\NoteBook TANDIS\Documents\GitHub\Java-WebSocket\.\src\test\java\org\java_websocket\issues\Issue677Test.java,42
.,org.java_websocket.issues,Issue713Test,3,0,12,12,96,14,0,0,1.0,0,4,C:\Users\NoteBook TANDIS\Documents\GitHub\Java-WebSocket\.\src\test\java\org\java_websocket\issues\Issue713Test.java,45
.,org.java_websocket.issues,Issue713Test.TestWebSocket,0,0,0,0,18,0,0,0,-1.0,0,0,C:\Users\NoteBook TANDIS\Documents\GitHub\Java-WebSocket\.\src\test\java\org\java_websocket\issues\Issue713Test.java,154
.,org.java_websocket.issues,Issue732Test,2,1,10,10,64,10,0,0,0.9,0,7,C:\Users\NoteBook TANDIS\Documents\GitHub\Java-WebSocket\.\src\test\java\org\java_websocket\issues\Issue732Test.java,44
.,org.java_websocket.issues,Issue764Test,4,0,5,5,50,5,0,0,0.8,0,5,C:\Users\NoteBook TANDIS\Documents\GitHub\Java-WebSocket\.\src\test\java\org\java_websocket\issues\Issue764Test.java,50
.,org.java_websocket.issues,Issue764Test.MyWebSocketServer,2,0,0,0,21,0,0,0,-1.0,0,1,C:\Users\NoteBook TANDIS\Documents\GitHub\Java-WebSocket\.\src\test\java\org\java_websocket\issues\Issue764Test.java,92
.,org.java_websocket.issues,Issue765Test,1,0,1,1,36,1,0,0,0.0,0,1,C:\Users\NoteBook TANDIS\Documents\GitHub\Java-WebSocket\.\src\test\java\org\java_websocket\issues\Issue765Test.java,44
.,org.java_websocket.issues,Issue765Test.MyWebSocketServer,0,0,0,0,12,0,0,0,-1.0,0,0,C:\Users\NoteBook TANDIS\Documents\GitHub\Java-WebSocket\.\src\test\java\org\java_websocket\issues\Issue765Test.java,57
.,org.java_websocket.issues,Issue765Test.LocalWebSocketFactory,0,0,0,0,14,0,0,0,-1.0,0,0,C:\Users\NoteBook TANDIS\Documents\GitHub\Java-WebSocket\.\src\test\java\org\java_websocket\issues\Issue765Test.java,85
.,org.java_websocket.issues,Issue811Test,1,0,2,2,33,4,0,0,0.0,0,1,C:\Users\NoteBook TANDIS\Documents\GitHub\Java-WebSocket\.\src\test\java\org\java_websocket\issues\Issue811Test.java,38
.,org.java_websocket.issues,Issue811Test.MyWebSocketServer,0,0,0,0,15,0,0,0,-1.0,0,0,C:\Users\NoteBook TANDIS\Documents\GitHub\Java-WebSocket\.\src\test\java\org\java_websocket\issues\Issue811Test.java,62
.,org.java_websocket.issues,Issue825Test,2,0,5,5,62,5,0,0,1.0,0,5,C:\Users\NoteBook TANDIS\Documents\GitHub\Java-WebSocket\.\src\test\java\org\java_websocket\issues\Issue825Test.java,50
.,org.java_websocket.issues,Issue825Test.MyWebSocketServer,2,0,0,0,22,0,0,0,-1.0,0,0,C:\Users\NoteBook TANDIS\Documents\GitHub\Java-WebSocket\.\src\test\java\org\java_websocket\issues\Issue825Test.java,108
.,org.java_websocket.issues,Issue834Test,0,0,6,6,20,6,0,0,-1.0,0,3,C:\Users\NoteBook TANDIS\Documents\GitHub\Java-WebSocket\.\src\test\java\org\java_websocket\issues\Issue834Test.java,13
.,org.java_websocket.issues,Issue847Test,5,1,12,11,112,24,0,0,0.5833333333333334,0,7,C:\Users\NoteBook TANDIS\Documents\GitHub\Java-WebSocket\.\src\test\java\org\java_websocket\issues\Issue847Test.java,54
.,org.java_websocket.issues,Issue855Test,2,0,10,10,38,10,0,0,0.8,0,6,C:\Users\NoteBook TANDIS\Documents\GitHub\Java-WebSocket\.\src\test\java\org\java_websocket\issues\Issue855Test.java,40
.,org.java_websocket.issues,Issue879Test,2,1,3,2,82,9,0,0,0.6666666666666666,0,2,C:\Users\NoteBook TANDIS\Documents\GitHub\Java-WebSocket\.\src\test\java\org\java_websocket\issues\Issue879Test.java,52
.,org.java_websocket.issues,Issue879Test.SimpleServer,0,0,0,0,25,0,0,0,-1.0,0,0,C:\Users\NoteBook TANDIS\Documents\GitHub\Java-WebSocket\.\src\test\java\org\java_websocket\issues\Issue879Test.java,67
.,org.java_websocket.issues,Issue879Test.SimpleClient,0,0,0,0,13,0,0,0,-1.0,0,0,C:\Users\NoteBook TANDIS\Documents\GitHub\Java-WebSocket\.\src\test\java\org\java_websocket\issues\Issue879Test.java,150
.,org.java_websocket.issues,Issue890Test,4,2,10,10,82,10,0,0,0.8,0,5,C:\Users\NoteBook TANDIS\Documents\GitHub\Java-WebSocket\.\src\test\java\org\java_websocket\issues\Issue890Test.java,56
.,org.java_websocket.issues,Issue890Test.MyWebSocketServer,2,0,0,0,27,0,0,0,-1.0,0,0,C:\Users\NoteBook TANDIS\Documents\GitHub\Java-WebSocket\.\src\test\java\org\java_websocket\issues\Issue890Test.java,128
.,org.java_websocket.issues,Issue890Test.TestResult,2,2,0,0,4,0,0,0,-1.0,0,0,C:\Users\NoteBook TANDIS\Documents\GitHub\Java-WebSocket\.\src\test\java\org\java_websocket\issues\Issue890Test.java,169
.,org.java_websocket.issues,Issue900Test,2,0,10,10,69,10,0,0,0.8,0,7,C:\Users\NoteBook TANDIS\Documents\GitHub\Java-WebSocket\.\src\test\java\org\java_websocket\issues\Issue900Test.java,45
.,org.java_websocket.issues,Issue900Test.ExceptionThrowingByteChannel,0,0,0,0,29,0,0,0,-1.0,0,0,C:\Users\NoteBook TANDIS\Documents\GitHub\Java-WebSocket\.\src\test\java\org\java_websocket\issues\Issue900Test.java,107
.,org.java_websocket.issues,Issue941Test,5,0,13,13,54,13,0,0,0.7692307692307693,0,8,C:\Users\NoteBook TANDIS\Documents\GitHub\Java-WebSocket\.\src\test\java\org\java_websocket\issues\Issue941Test.java,44
.,org.java_websocket.issues,Issue962Test,2,0,10,10,65,10,0,0,1.0,0,6,C:\Users\NoteBook TANDIS\Documents\GitHub\Java-WebSocket\.\src\test\java\org\java_websocket\issues\Issue962Test.java,44
.,org.java_websocket.issues,Issue962Test.TestSocketFactory,2,0,0,0,28,0,0,0,-1.0,0,0,C:\Users\NoteBook TANDIS\Documents\GitHub\Java-WebSocket\.\src\test\java\org\java_websocket\issues\Issue962Test.java,46
.,org.java_websocket.issues,Issue997Test,4,2,7,7,91,8,0,0,0.0,0,3,C:\Users\NoteBook TANDIS\Documents\GitHub\Java-WebSocket\.\src\test\java\org\java_websocket\issues\Issue997Test.java,57
.,org.java_websocket.issues,Issue997Test.SSLWebSocketClient,3,2,0,0,27,0,0,0,-1.0,0,0,C:\Users\NoteBook TANDIS\Documents\GitHub\Java-WebSocket\.\src\test\java\org\java_websocket\issues\Issue997Test.java,135
.,org.java_websocket.issues,Issue997Test.SSLWebSocketServer,1,0,0,0,19,0,0,0,-1.0,0,0,C:\Users\NoteBook TANDIS\Documents\GitHub\Java-WebSocket\.\src\test\java\org\java_websocket\issues\Issue997Test.java,179
.,org.java_websocket.misc,AllMiscTests,0,0,0,0,2,0,0,0,-1.0,0,0,C:\Users\NoteBook TANDIS\Documents\GitHub\Java-WebSocket\.\src\test\java\org\java_websocket\misc\AllMiscTests.java,32
.,org.java_websocket.misc,OpeningHandshakeRejectionTest,6,0,20,19,178,60,0,0,0.2,0,5,C:\Users\NoteBook TANDIS\Documents\GitHub\Java-WebSocket\.\src\test\java\org\java_websocket\misc\OpeningHandshakeRejectionTest.java,45
